YYYY,MM,DD,daily.record.time,WDIR,WSPD,GST,WVHT,DPD,APD,MWD,PRES,ATMP,WTMP,DEWP,VIS,TIDE
2012,1,1,24,77,5,5.7,99,99,99,999,1023,23.6,24.1,999,99,99
2012,1,2,22,244,4,4.6,99,99,99,999,1021,22,24.1,999,99,99
2012,1,3,24,259,10.2,11.6,99,99,99,999,1024,14.5,23.2,999,99,99
2012,1,4,24,52,8.8,10,99,99,99,999,1027,11.7,22.5,999,99,99
2012,1,5,24,164,7.6,8.3,99,99,99,999,1025,16.3,22.3,999,99,99
2012,1,6,24,18,5.4,5.9,99,99,99,999,1023,17.6,22.7,999,99,99
2012,1,7,24,82,3.8,4.4,99,99,99,999,1021,20,23.3,999,99,99
2012,1,8,24,59,4.5,5,99,99,99,999,1022,21.1,23.7,999,99,99
2012,1,9,24,107,8,8.9,99,99,99,999,1021,22.8,24.4,999,99,99
2012,1,10,24,119,5.5,6.2,99,99,99,999,1018,23,24.3,999,99,99
2012,1,11,24,166,8,8.9,99,99,99,999,1014,23.4,24.1,999,99,99
2012,1,12,24,238,5.4,6.2,99,99,99,999,1013,22.9,23.5,999,99,99
2012,1,13,24,169,3.1,3.5,99,99,99,999,1018,21.9,23.5,999,99,99
2012,1,14,24,89,7.9,8.8,99,99,99,999,1023,18.5,23,999,99,99
2012,1,15,24,19,9.6,10.6,99,99,99,999,1027,17.1,21.9,999,99,99
2012,1,16,24,51,9.2,10.3,99,99,99,999,1028,19.2,22.6,999,99,99
2012,1,17,24,113,7.5,8.3,99,99,99,999,1025,21.8,22.8,999,99,99
2012,1,18,24,177,3,3.4,99,99,99,999,1021,22.9,22.8,999,99,99
2012,1,19,24,159,4,4.6,99,99,99,999,1019,20.7,22.9,999,99,99
2012,1,20,24,89,5.1,5.8,99,99,99,999,1021,22.1,23.4,999,99,99
2012,1,21,24,142,4.6,5.4,99,99,99,999,1020,22.4,23.7,999,99,99
2012,1,22,24,101,3.9,4.4,99,99,99,999,1019,22.4,23.6,999,99,99
2012,1,23,24,110,6.5,7.3,99,99,99,999,1019,23.4,24.3,999,99,99
2012,1,24,24,111,5.9,6.5,99,99,99,999,1020,23.6,24.3,999,99,99
2012,1,25,24,107,6.9,7.6,99,99,99,999,1020,23.7,23.8,999,99,99
2012,1,26,24,138,8.1,8.9,99,99,99,999,1019,64.5,23.8,999,99,99
2012,1,27,24,185,8,8.8,99,99,99,999,1017,24.3,24,999,99,99
2012,1,28,24,119,3,3.3,99,99,99,999,1019,23.4,24.2,999,99,99
2012,1,29,24,95,3.4,3.7,99,99,99,999,1021,22.6,24.2,999,99,99
2012,1,30,24,56,11.1,12.4,99,99,99,999,1023,22.8,24.3,999,99,99
2012,1,31,24,80,10.9,12.1,99,99,99,999,1024,22.9,24.1,999,99,99
2012,2,1,24,90,9.3,10.2,99,99,99,999,1022,23.3,25,999,99,99
2012,2,2,24,102,6.1,6.9,99,99,99,999,1020,23.7,24.8,999,99,99
2012,2,3,24,86,9.2,10.2,99,99,99,999,1020,23.7,25,999,99,99
2012,2,4,24,96,10.2,11.3,99,99,99,999,1020,23.5,25,999,99,99
2012,2,5,24,116,7.6,8.3,99,99,99,999,1017,24,24.8,999,99,99
2012,2,6,24,176,6.2,6.9,99,99,99,999,1017,22.7,24.5,999,99,99
2012,2,7,24,172,4.5,5.3,99,99,99,999,1016,23.1,24.4,999,99,99
2012,2,8,24,312,3.2,3.8,99,99,99,999,1017,22.2,24.4,999,99,99
2012,2,9,24,70,6.2,6.9,99,99,99,999,1017,21.9,24.2,999,99,99
2012,2,10,24,134,4.5,5.1,99,99,99,999,1017,23.5,25,999,99,99
2012,2,11,24,305,5.9,6.8,99,99,99,999,1014,22.6,24.8,999,99,99
2012,2,12,24,162,11.5,13.1,99,99,99,999,1020,14.5,23.3,999,99,99
2012,2,13,24,71,8.6,9.8,99,99,99,999,1022,15.4,23.4,999,99,99
2012,2,14,24,126,5.8,6.6,99,99,99,999,1020,21.1,24.2,999,99,99
2012,2,15,24,115,4.5,5.2,99,99,99,999,1021,22.7,24.3,999,99,99
2012,2,16,24,133,5.9,6.5,99,99,99,999,1021,23.4,24.6,999,99,99
2012,2,17,24,138,3.3,3.7,99,99,99,999,1019,23.6,24.4,999,99,99
2012,2,18,24,222,1.9,2.3,99,99,99,999,1016,23.8,24.3,999,99,99
2012,2,19,24,207,7.2,7.9,99,99,99,999,1015,24.3,24.7,999,99,99
2012,2,20,24,200,7,7.9,99,99,99,999,1017,21.4,23.9,999,99,99
2012,2,21,24,84,6.3,7.2,99,99,99,999,1021,22,24.4,999,99,99
2012,2,22,24,141,4,4.6,99,99,99,999,1019,22.6,24.3,999,99,99
2012,2,23,24,211,4.3,4.9,99,99,99,999,1016,23.7,24.3,999,99,99
2012,2,24,24,186,4.2,4.6,99,99,99,999,1017,24.5,24.4,999,99,99
2012,2,25,24,145,1.6,1.9,99,99,99,999,1019,24.6,24.4,999,99,99
2012,2,26,24,87,8.6,9.5,99,99,99,999,1022,24.1,24.6,999,99,99
2012,2,27,24,97,8.4,9.4,99,99,99,999,1023,24.6,24.6,999,99,99
2012,2,28,24,97,6.6,7.1,99,99,99,999,1023,24.5,24.7,999,99,99
2012,2,29,24,111,7.1,7.8,99,99,99,999,1022,24.4,25.4,999,99,99
2012,3,1,24,147,5.6,6.1,99,99,99,999,1020,24.6,25.6,999,99,99
2012,3,2,24,156,6,6.7,99,99,99,999,1017,24.9,25.7,999,99,99
2012,3,3,24,166,7.7,8.4,99,99,99,999,1015,25.1,25.3,999,99,99
2012,3,4,24,196,9.6,10.6,99,99,99,999,1014,24,25,999,99,99
2012,3,5,24,53,10.5,11.9,99,99,99,999,1023,18.3,23.9,999,99,99
2012,3,6,24,75,12,13.4,99,99,99,999,1025,21.6,23.8,999,99,99
2012,3,7,24,87,13,14.7,99,99,99,999,1025,22.9,24.1,999,99,99
2012,3,8,24,102,10.3,11.5,99,99,99,999,1023,23.8,24.4,999,99,99
2012,3,9,24,119,8.3,9.3,99,99,99,999,1021,24.2,25.1,999,99,99
2012,3,10,24,75,3.4,4.1,99,99,99,999,1021,24.3,25.3,999,99,99
2012,3,11,24,94,7.5,8.5,99,99,99,999,1022,24.2,25.4,999,99,99
2012,3,12,24,88,10.7,11.8,99,99,99,999,1023,23.4,25.4,999,99,99
2012,3,13,24,86,7.4,8.3,99,99,99,999,1022,23.4,25.2,999,99,99
2012,3,14,24,77,7.9,8.7,99,99,99,999,1021,23.6,25.4,999,99,99
2012,3,15,24,80,8.5,9.4,99,99,99,999,1020,23.5,25.1,999,99,99
2012,3,16,24,93,8.5,9.3,99,99,99,999,1021,23.7,25.1,999,99,99
2012,3,17,24,75,6.9,7.6,99,99,99,999,1021,23.8,24.9,999,99,99
2012,3,18,24,83,6.7,7.5,99,99,99,999,1022,23.7,25,999,99,99
2012,3,19,24,91,7.5,8.4,99,99,99,999,1020,23.6,24.9,999,99,99
2012,3,20,24,106,8,9.1,99,99,99,999,1018,23.8,25,999,99,99
2012,3,21,24,107,9.1,10.2,99,99,99,999,1018,24.4,25.1,999,99,99
2012,3,22,24,116,9.4,10.5,99,99,99,999,1019,24.4,25.3,999,99,99
2012,3,23,24,103,5.8,6.5,99,99,99,999,1019,24.2,25.3,999,99,99
2012,3,24,24,119,4.2,4.9,99,99,99,999,1017,24.2,25.2,999,99,99
2012,3,25,24,208,5.8,6.4,99,99,99,999,1014,24.5,25.1,999,99,99
2012,3,26,24,263,6.5,7.2,99,99,99,999,1014,23.1,24.9,999,99,99
2012,3,27,24,115,5.7,6.3,99,99,99,999,1017,23.8,24.9,999,99,99
2012,3,28,24,99,9.4,10.5,99,99,99,999,1020,23.8,24.9,999,99,99
2012,3,29,24,114,6.1,7,99,99,99,999,1018,23.4,24.8,999,99,99
2012,3,30,24,130,5,5.6,99,99,99,999,1017,23.6,24.8,999,99,99
2012,3,31,24,175,6.2,6.8,99,99,99,999,1016,24.6,24.9,999,99,99
2012,4,1,24,263,3.5,3.8,99,99,99,999,1014,24.7,24.9,999,99,99
2012,4,2,24,276,3,3.3,99,99,99,999,1013,24.8,25.2,999,99,99
2012,4,3,24,180,2.9,3.3,99,99,99,999,1014,25.1,25.6,999,99,99
2012,4,4,24,159,5.4,6,99,99,99,999,1014,25.5,25.6,999,99,99
2012,4,5,24,205,7,7.7,99,99,99,999,1012,24.7,25.6,999,99,99
2012,4,6,24,257,8.3,9.1,99,99,99,999,1011,25.9,25.6,999,99,99
2012,4,7,24,171,7.6,8.4,99,99,99,999,1015,24,25.6,999,99,99
2012,4,8,24,73,9,10,99,99,99,999,1019,23.5,25.5,999,99,99
2012,4,9,24,80,4.1,4.9,99,99,99,999,1018,23.7,25.5,999,99,99
2012,4,10,24,99,4.1,4.9,99,99,99,999,1018,23.9,25.6,999,99,99
2012,4,11,24,158,2.3,2.8,99,99,99,999,1017,24.1,25.9,999,99,99
2012,4,12,24,299,4.7,5.4,99,99,99,999,1017,23.8,25.9,999,99,99
2012,4,13,24,252,3.2,3.8,99,99,99,999,1018,24.7,25.8,999,99,99
2012,4,14,24,112,8,9,99,99,99,999,1020,24.3,25.9,999,99,99
2012,4,15,24,112,10,11.1,99,99,99,999,1022,23.8,25.7,999,99,99
2012,4,16,24,111,10,11,99,99,99,999,1021,24.3,25.5,999,99,99
2012,4,17,24,105,9.2,10.3,99,99,99,999,1020,24.2,25.4,999,99,99
2012,4,18,24,125,7.2,8.1,99,99,99,999,1018,24.3,25.5,999,99,99
2012,4,19,24,156,5.3,5.9,99,99,99,999,1016,24.6,25.6,999,99,99
2012,4,20,24,169,4.8,5.2,99,99,99,999,1013,25.2,25.8,999,99,99
2012,4,21,24,111,7.5,8.4,99,99,99,999,1011,23,25.6,999,99,99
2012,4,22,24,235,12.5,13.8,99,99,99,999,1005,24.8,25.4,999,99,99
2012,4,23,24,282,8.7,9.9,99,99,99,999,1010,22.8,25,999,99,99
2012,4,24,24,207,7.1,8.2,99,99,99,999,1015,20.4,24.5,999,99,99
2012,4,25,24,124,6,6.7,99,99,99,999,1018,20.5,24.2,999,99,99
2012,4,26,24,101,5.4,6.2,99,99,99,999,1020,22.9,24.2,999,99,99
2012,4,27,24,94,6.6,7.3,99,99,99,999,1019,24.2,24.6,999,99,99
2012,4,28,24,104,6.9,7.6,99,99,99,999,1018,23.8,24.9,999,99,99
2012,4,29,24,99,9.7,10.7,99,99,99,999,1016,23.3,24.7,999,99,99
2012,4,30,24,94,12.2,13.6,99,99,99,999,1015,23.7,24.7,999,99,99
2012,5,1,24,111,11.1,12.5,99,99,99,999,1016,24.7,24.7,999,99,99
2012,5,2,24,109,9.9,10.9,99,99,99,999,1017,25.1,25.2,999,99,99
2012,5,3,24,109,8.4,9.3,99,99,99,999,1018,25.1,25.3,999,99,99
2012,5,4,24,104,6.9,7.7,99,99,99,999,1018,24.9,25.5,999,99,99
2012,5,5,24,117,4.9,5.5,99,99,99,999,1016,24.9,25.6,999,99,99
2012,5,6,24,144,3.6,4.2,99,99,99,999,1015,25.4,25.8,999,99,99
2012,5,7,24,181,3.6,4,99,99,99,999,1014,25.4,25.7,999,99,99
2012,5,8,24,189,4.3,4.8,99,99,99,999,1013,25.7,25.9,999,99,99
2012,5,9,24,174,4.4,5,99,99,99,999,1013,25.9,26.1,999,99,99
2012,5,10,24,252,5.9,6.5,99,99,99,999,1011,26.3,26.1,999,99,99
2012,5,11,24,241,3.8,4.2,99,99,99,999,1014,26.2,26,999,99,99
2012,5,12,24,70,5.9,6.6,99,99,99,999,1019,26.4,26.4,999,99,99
2012,5,13,24,96,7.9,8.8,99,99,99,999,1019,26.1,26.6,999,99,99
2012,5,14,24,107,4.4,5,99,99,99,999,1016,26.1,26.8,999,99,99
2012,5,15,24,168,3.8,4.4,99,99,99,999,1016,26.5,26.8,999,99,99
2012,5,16,24,210,2.5,3,99,99,99,999,1016,26.1,26.9,999,99,99
2012,5,17,24,145,3.6,4.2,99,99,99,999,1014,25.4,26.9,999,99,99
2012,5,18,24,191,1.6,2,99,99,99,999,1014,26.2,27.2,999,99,99
2012,5,19,24,124,2.7,3.1,99,99,99,999,1014,25.6,27.2,999,99,99
2012,5,20,24,113,3.2,3.8,99,99,99,999,1014,25.1,27,999,99,99
2012,5,21,24,160,1.1,1.4,99,99,99,999,1015,26.2,27.2,999,99,99
2012,5,22,24,180,4.5,5.1,99,99,99,999,1015,26,27.4,999,99,99
2012,5,23,24,147,7,7.9,99,99,99,999,1013,24.1,27.2,999,99,99
2012,5,24,24,184,7.3,8.2,99,99,99,999,1010,25.2,26.8,999,99,99
2012,5,25,24,42,2.9,3.3,99,99,99,999,1014,26.2,27,999,99,99
2012,5,26,24,86,3.5,3.8,99,99,99,999,1016,26.7,27.4,999,99,99
2012,5,27,24,223,2.2,2.7,99,99,99,999,1015,26.9,27.6,999,99,99
2012,5,28,24,221,3.4,4,99,99,99,999,1015,27.3,28.2,999,99,99
2012,5,29,24,177,3.6,4.2,99,99,99,999,1015,27.5,27.9,999,99,99
2012,5,30,24,217,3.7,4.2,99,99,99,999,1014,27.6,28.3,999,99,99
2012,5,31,22,209,4.8,5.3,99,99,99,999,1014,26.9,28.6,999,99,99
2012,6,1,24,185,5.2,5.9,99,99,99,999,1015,26,27.6,999,99,99
2012,6,2,24,240,6.5,7.2,99,99,99,999,1015,27,27.1,999,99,99
2012,6,3,24,294,3.1,3.5,99,99,99,999,1017,27.6,27.8,999,99,99
2012,6,4,24,250,2.9,3.3,99,99,99,999,1016,27.7,28.2,999,99,99
2012,6,5,24,248,4.5,4.9,99,99,99,999,1013,28,28.1,999,99,99
2012,6,6,24,213,3.5,4,99,99,99,999,1014,28,28.2,999,99,99
2012,6,7,24,162,3.2,3.6,99,99,99,999,1015,28,27.9,999,99,99
2012,6,8,24,201,3.1,3.5,99,99,99,999,1015,27.9,27.7,999,99,99
2012,6,9,24,117,3.9,4.3,99,99,99,999,1015,27.4,27.8,999,99,99
2012,6,10,24,103,5,5.5,99,99,99,999,1017,28.4,28.3,999,99,99
2012,6,11,24,77,7,7.7,99,99,99,999,1018,27.7,28.7,999,99,99
2012,6,12,24,72,6,6.7,99,99,99,999,1017,27,28.5,999,99,99
2012,6,13,24,115,2.4,3,99,99,99,999,1015,27.1,28.4,999,99,99
2012,6,14,24,228,2,2.5,99,99,99,999,1015,27.8,28.7,999,99,99
2012,6,15,24,243,3.2,3.7,99,99,99,999,1015,27.9,28.5,999,99,99
2012,6,16,24,90,5.2,5.9,99,99,99,999,1015,27.3,28.9,999,99,99
2012,6,17,24,67,7.4,8.3,99,99,99,999,1015,27.1,28.7,999,99,99
2012,6,18,24,83,7.9,8.9,99,99,99,999,1014,27,28.5,999,99,99
2012,6,19,24,85,10.6,11.7,99,99,99,999,1015,27.2,28.2,999,99,99
2012,6,20,24,140,8.9,9.8,99,99,99,999,1014,26.1,27.9,999,99,99
2012,6,21,24,139,6.9,7.8,99,99,99,999,1014,26.6,28,999,99,99
2012,6,22,24,204,6.2,6.9,99,99,99,999,1012,26.5,28,999,99,99
2012,6,23,24,141,6.8,7.6,99,99,99,999,1014,27.1,27.9,999,99,99
2012,6,24,24,171,8.5,9.3,99,99,99,999,1014,27.8,27.9,999,99,99
2012,6,25,24,196,10.4,11.5,99,99,99,999,1012,28.1,27.9,999,99,99
2012,6,26,24,207,10.8,12,99,99,99,999,1009,28,27.8,999,99,99
2012,6,27,24,229,10.6,11.7,99,99,99,999,1012,27.9,27.9,999,99,99
2012,6,28,24,251,5,5.5,99,99,99,999,1017,27.9,28.1,999,99,99
2012,6,29,24,212,2.8,3.2,99,99,99,999,1017,28.2,28.1,999,99,99
2012,6,30,24,243,3.1,3.5,99,99,99,999,1016,28,28.2,999,99,99
2012,7,1,24,205,1.8,2.2,99,99,99,999,1018,28.2,28.5,999,99,99
2012,7,2,24,83,3,3.4,99,99,99,999,1018,28.3,28.9,999,99,99
2012,7,3,24,67,2.8,3.3,99,99,99,999,1018,28.3,29,999,99,99
2012,7,4,24,107,5.1,5.7,99,99,99,999,1018,28.2,29.2,999,99,99
2012,7,5,24,110,3.8,4.2,99,99,99,999,1017,27.9,28.9,999,99,99
2012,7,6,24,89,3.7,4.3,99,99,99,999,1017,28.2,29,999,99,99
2012,7,7,24,91,4.6,5.1,99,99,99,999,1018,28.1,29,999,99,99
2012,7,8,24,100,3.4,4.1,99,99,99,999,1018,27.9,28.8,999,99,99
2012,7,9,24,91,3.8,4.4,99,99,99,999,1017,27.2,28.9,999,99,99
2012,7,10,24,135,3.9,4.6,99,99,99,999,1016,27.1,28.7,999,99,99
2012,7,11,24,92,4.3,4.9,99,99,99,999,1017,26,28.5,999,99,99
2012,7,12,24,120,2.5,2.9,99,99,99,999,1016,27.3,28.6,999,99,99
2012,7,13,24,96,3.3,3.9,99,99,99,999,1017,27.6,28.7,999,99,99
2012,7,14,24,109,6.5,7.1,99,99,99,999,1017,27.7,28.7,999,99,99
2012,7,15,24,123,5.8,6.5,99,99,99,999,1018,26.8,28.8,999,99,99
2012,7,16,24,133,3.4,4.1,99,99,99,999,1018,26.9,28.9,999,99,99
2012,7,17,24,143,3,3.5,99,99,99,999,1017,27.3,29.1,999,99,99
2012,7,18,24,158,4.1,4.6,99,99,99,999,1019,28.2,29,999,99,99
2012,7,19,24,100,4.7,5.4,99,99,99,999,1021,28.5,29.1,999,99,99
2012,7,20,24,96,6.4,7,99,99,99,999,1019,28.6,29.2,999,99,99
2012,7,21,24,88,6.3,7,99,99,99,999,1018,28.7,29.3,999,99,99
2012,7,22,24,96,5.9,6.6,99,99,99,999,1018,27.3,29.1,999,99,99
2012,7,23,24,134,5,5.6,99,99,99,999,1020,28.3,29.1,999,99,99
2012,7,24,24,89,2.9,3.7,99,99,99,999,1020,28.5,29.2,999,99,99
2012,7,25,24,108,1.6,2.1,99,99,99,999,1018,28.2,29,999,99,99
2012,7,26,24,154,3.2,3.6,99,99,99,999,1017,28.6,29.4,999,99,99
2012,7,27,24,131,3.2,3.7,99,99,99,999,1018,28.8,29.6,999,99,99
2012,7,28,24,84,1.9,2.5,99,99,99,999,1019,28.8,29.6,999,99,99
2012,7,29,24,106,2.2,2.9,99,99,99,999,1018,28.7,29.7,999,99,99
2012,7,30,24,156,2.3,2.9,99,99,99,999,1017,28.7,29.5,999,99,99
2012,7,31,24,152,1.7,2.1,99,99,99,999,1017,28.9,29.6,999,99,99
2012,8,1,24,129,1.6,2,99,99,99,999,1017,29.1,29.7,999,99,99
2012,8,2,24,90,1.5,2.1,99,99,99,999,1016,29.1,29.9,999,99,99
2012,8,3,24,82,3.3,3.9,99,99,99,999,1015,28.9,30,999,99,99
2012,8,4,24,118,3.6,4.2,99,99,99,999,1016,28.4,30,999,99,99
2012,8,5,24,122,5.7,6.3,99,99,99,999,1017,29,30,999,99,99
2012,8,6,24,127,5.5,6.2,99,99,99,999,1017,27.6,29.8,999,99,99
2012,8,7,24,113,5.9,6.6,99,99,99,999,1016,29.1,29.6,999,99,99
2012,8,8,24,96,4.8,5.5,99,99,99,999,1016,29,29.4,999,99,99
2012,8,9,24,97,6.1,6.8,99,99,99,999,1016,28.9,29.6,999,99,99
2012,8,10,24,136,5,5.7,99,99,99,999,1015,27.8,29.5,999,99,99
2012,8,11,24,205,3.5,4.3,99,99,99,999,1016,27.7,29.4,999,99,99
2012,8,12,24,198,2.7,3.2,99,99,99,999,1018,28.5,29.7,999,99,99
2012,8,13,24,81,2.7,3.3,99,99,99,999,1018,29.1,29.8,999,99,99
2012,8,14,24,113,2.8,3.3,99,99,99,999,1017,29.1,30,999,99,99
2012,8,15,24,152,4.5,5.1,99,99,99,999,1017,29,29.9,999,99,99
2012,8,16,24,147,2.3,2.9,99,99,99,999,1018,29.1,29.8,999,99,99
2012,8,17,24,142,1.5,2.3,99,99,99,999,1017,29,30.1,999,99,99
2012,8,18,24,197,3.4,4.1,99,99,99,999,1016,28.9,30.1,999,99,99
2012,8,19,24,191,2.7,3.4,99,99,99,999,1016,29.1,30.2,999,99,99
2012,8,20,24,214,2.5,3,99,99,99,999,1016,29.1,30.3,999,99,99
2012,8,21,24,207,3.1,3.6,99,99,99,999,1017,29,30,999,99,99
2012,8,22,24,133,3.6,4,99,99,99,999,1018,29,29.7,999,99,99
2012,8,23,24,71,4.3,5,99,99,99,999,1018,29.3,29.9,999,99,99
2012,8,24,24,62,8.5,9.3,99,99,99,999,1015,28.6,29.5,999,99,99
2012,8,25,24,108,10.4,11.8,99,99,99,999,1013,27,29.2,999,99,99
2012,8,26,24,88,15.5,17.5,99,99,99,999,1006,28.1,29.1,999,99,99
2012,8,27,24,173,16.1,18.2,99,99,99,999,1008,28.1,28.9,999,99,99
2012,8,28,24,177,8.4,9.2,99,99,99,999,1015,28.4,29.1,999,99,99
2012,8,29,24,166,5.9,6.5,99,99,99,999,1015,28.2,29,999,99,99
2012,8,30,24,147,4,4.5,99,99,99,999,1017,28.3,28.7,999,99,99
2012,8,31,24,84,4.3,4.9,99,99,99,999,1019,28.4,28.9,999,99,99
2012,9,1,24,55,3.9,4.4,99,99,99,999,1019,28.4,29.1,999,99,99
2012,9,2,24,48,3.7,4.3,99,99,99,999,1017,28.4,29.1,999,99,99
2012,9,3,24,131,2.1,2.6,99,99,99,999,1016,27.9,29.2,999,99,99
2012,9,4,24,151,3.6,4.2,99,99,99,999,1017,27.7,29.1,999,99,99
2012,9,5,23,198,3.7,4.2,99,99,99,999,1016,28.4,29.1,999,99,99
2012,9,6,24,167,2.6,3,99,99,99,999,1016,28.4,29.1,999,99,99
2012,9,7,24,166,1.6,2.2,99,99,99,999,1016,28.5,29.1,999,99,99
2012,9,8,24,195,2.2,2.8,99,99,99,999,1015,28.5,29.5,999,99,99
2012,9,9,24,249,4.5,5.1,99,99,99,999,1015,28.5,29.2,999,99,99
2012,9,10,24,278,5.2,5.9,99,99,99,999,1016,29,29.1,999,99,99
2012,9,11,24,221,2.3,2.7,99,99,99,999,1017,28.4,29.3,999,99,99
2012,9,12,24,74,8.3,9.2,99,99,99,999,1016,28.6,29.4,999,99,99
2012,9,13,24,88,8.5,9.5,99,99,99,999,1015,27.9,29.1,999,99,99
2012,9,14,24,76,6.5,7.3,99,99,99,999,1015,28.4,29.1,999,99,99
2012,9,15,24,95,5.4,6.1,99,99,99,999,1016,28.2,29.2,999,99,99
2012,9,16,24,112,5.6,6.3,99,99,99,999,1016,26.9,29,999,99,99
2012,9,17,24,120,5,5.8,99,99,99,999,1016,27.6,29,999,99,99
2012,9,18,24,187,5.4,6,99,99,99,999,1015,28.4,29.1,999,99,99
2012,9,19,24,256,3.9,4.6,99,99,99,999,1016,27.7,29,999,99,99
2012,9,20,24,81,3.8,4.4,99,99,99,999,1016,28,28.9,999,99,99
2012,9,21,24,72,7.4,8.3,99,99,99,999,1015,26.8,28.7,999,99,99
2012,9,22,24,157,4.8,5.6,99,99,99,999,1015,27.3,28.7,999,99,99
2012,9,23,24,103,2.9,3.4,99,99,99,999,1017,27.2,28.9,999,99,99
2012,9,24,24,80,5,5.5,99,99,99,999,1017,27.1,28.8,999,99,99
2012,9,25,24,63,5.3,5.9,99,99,99,999,1017,27.8,28.7,999,99,99
2012,9,26,24,76,4.5,5,99,99,99,999,1018,28.2,28.8,999,99,99
2012,9,27,24,48,3.3,3.9,99,99,99,999,1018,28.2,28.8,999,99,99
2012,9,28,24,57,4.4,5,99,99,99,999,1016,28.1,28.8,999,99,99
2012,9,29,24,72,3.1,3.8,99,99,99,999,1014,28,28.9,999,99,99
2012,9,30,24,137,3.7,4.2,99,99,99,999,1012,27.7,28.9,999,99,99
2012,10,1,24,199,8.4,9.4,99,99,99,999,1010,27.6,28.8,999,99,99
2012,10,2,24,197,8.7,9.5,99,99,99,999,1014,27.8,28.5,999,99,99
2012,10,3,24,131,3,3.4,99,99,99,999,1018,28.1,28.6,999,99,99
2012,10,4,24,82,5.8,6.5,99,99,99,999,1020,28.3,28.6,999,99,99
2012,10,5,24,82,6,6.6,99,99,99,999,1017,28.4,28.7,999,99,99
2012,10,6,24,86,3.8,4.3,99,99,99,999,1014,28,28.7,999,99,99
2012,10,7,24,90,3.5,4,99,99,99,999,1013,28.3,28.7,999,99,99
2012,10,8,24,76,4.7,5.4,99,99,99,999,1014,28.2,28.6,999,99,99
2012,10,9,24,36,2.8,3.2,99,99,99,999,1015,28.1,28.7,999,99,99
2012,10,10,24,41,4,4.6,99,99,99,999,1016,28.1,28.7,999,99,99
2012,10,11,24,52,9.3,10.2,99,99,99,999,1018,27.4,28.7,999,99,99
2012,10,12,24,44,11.1,12.5,99,99,99,999,1018,27.1,28.2,999,99,99
2012,10,13,24,39,10.4,11.6,99,99,99,999,1017,26.2,27.7,999,99,99
2012,10,14,24,70,11.1,12.5,99,99,99,999,1015,27.5,27.9,999,99,99
2012,10,15,24,69,6.3,7,99,99,99,999,1012,27.6,28.1,999,99,99
2012,10,16,24,81,5.2,5.7,99,99,99,999,1010,26.9,28.3,999,99,99
2012,10,17,24,112,2.9,3.6,99,99,99,999,1011,27.6,28.3,999,99,99
2012,10,18,24,90,2.2,2.6,99,99,99,999,1011,27.2,28.4,999,99,99
2012,10,19,24,149,2.6,3,99,99,99,999,1012,28.1,28.4,999,99,99
2012,10,20,24,176,2.4,2.9,99,99,99,999,1012,27.4,28.4,999,99,99
2012,10,21,24,48,6.1,6.9,99,99,99,999,1014,27.2,28.4,999,99,99
2012,10,22,24,58,9.4,10.4,99,99,99,999,1014,26.9,28.1,999,99,99
2012,10,23,24,73,10.9,12.1,99,99,99,999,1013,27,27.6,999,99,99
2012,10,24,24,71,11.7,12.9,99,99,99,999,1011,27.1,27.9,999,99,99
2012,10,25,24,57,14.7,16.6,99,99,99,999,1006,25.7,27.4,999,99,99
2012,10,26,24,244,13.3,15.2,99,99,99,999,1001,23.8,27.2,999,99,99
2012,10,27,24,305,13.3,15.1,99,99,99,999,1003,24.7,27.4,999,99,99
2012,10,28,24,312,10,11.3,99,99,99,999,1007,24.1,27.3,999,99,99
2012,10,29,24,316,10.1,11.3,99,99,99,999,1010,21.3,26.8,999,99,99
2012,10,30,24,280,7.5,8.6,99,99,99,999,1013,19.6,26.6,999,99,99
2012,10,31,24,288,4.3,5,99,99,99,999,1017,20.7,26.9,999,99,99
2012,11,1,24,267,3.9,4.6,99,99,99,999,1018,22.1,27.1,999,99,99
2012,11,2,24,296,3.7,4.3,99,99,99,999,1018,23.3,27.1,999,99,99
2012,11,3,24,90,4.3,4.9,99,99,99,999,1019,23.4,27.4,999,99,99
2012,11,4,24,61,3.2,4,99,99,99,999,1019,24.3,27.4,999,99,99
2012,11,5,24,96,2.2,2.8,99,99,99,999,1016,24,27.2,999,99,99
2012,11,6,24,122,1.5,1.9,99,99,99,999,1014,24.2,27,999,99,99
2012,11,7,24,299,6.3,7.3,99,99,99,999,1387,22.7,27,999,99,99
2012,11,8,24,136,7.7,8.9,99,99,99,999,1017,18.7,26.8,999,99,99
2012,11,9,24,79,8.9,10.1,99,99,99,999,1020,19.3,26.2,999,99,99
2012,11,10,24,80,9.2,10.6,99,99,99,999,1022,22.9,25.6,999,99,99
2012,11,11,24,94,10.6,11.8,99,99,99,999,1022,24.1,26.4,999,99,99
2012,11,12,24,91,10.6,11.9,99,99,99,999,1021,25,26.5,999,99,99
2012,11,13,24,74,8.8,9.9,99,99,99,999,1019,25,26.3,999,99,99
2012,11,14,24,54,6.4,7.2,99,99,99,999,1018,24.5,26,999,99,99
2012,11,15,24,68,5.2,6,99,99,99,999,1018,24.7,26,999,99,99
2012,11,16,24,38,6,6.7,99,99,99,999,1018,22.7,25.9,999,99,99
2012,11,17,24,63,6.6,7.4,99,99,99,999,1017,23.5,26.1,999,99,99
2012,11,18,24,56,7.3,8.2,99,99,99,999,1017,23.8,26,999,99,99
2012,11,19,24,44,7.5,8.2,99,99,99,999,1018,21.8,26.1,999,99,99
2012,11,20,24,238,6.6,7.6,99,99,99,999,1017,17.6,25.4,999,99,99
2012,11,21,24,302,7.6,8.5,99,99,99,999,1015,19.8,25.6,999,99,99
2012,11,22,24,120,10,11.1,99,99,99,999,1017,19.1,25.1,999,99,99
2012,11,23,24,107,8.8,9.8,99,99,99,999,1019,19,24.9,999,99,99
2012,11,24,24,202,6.8,7.6,99,99,99,999,1019,19.4,24.8,999,99,99
2012,11,25,24,289,4.4,4.9,99,99,99,999,1019,18.9,25.1,999,99,99
2012,11,26,24,146,4,4.7,99,99,99,999,1021,23,25.6,999,99,99
2012,11,27,24,125,6.5,7.3,99,99,99,999,1021,24.1,26,999,99,99
2012,11,28,24,93,3.4,4,99,99,99,999,1021,23.6,25.7,999,99,99
2012,11,29,24,67,8.5,9.6,99,99,99,999,1021,22.5,25.5,999,99,99
2012,11,30,24,78,11,12.3,99,99,99,999,1020,23.5,25.3,999,99,99
2012,12,1,24,78,9.6,10.7,99,99,99,999,1020,24,24.7,999,99,99
2012,12,2,24,82,9.9,11.1,99,99,99,999,1021,24.1,25.4,999,99,99
2012,12,3,24,88,9.8,10.9,99,99,99,999,1022,24,25.8,999,99,99
2012,12,4,24,85,9.4,10.5,99,99,99,999,1022,23.6,25.7,999,99,99
2012,12,5,24,103,7.4,8.3,99,99,99,999,1019,23.7,25.4,999,99,99
2012,12,6,24,92,3.6,4.2,99,99,99,999,1015,24.2,25.7,999,99,99
2012,12,7,24,108,4.3,5.1,99,99,99,999,1014,24.3,25.7,999,99,99
2012,12,8,24,114,6.1,6.9,99,99,99,999,1015,24.9,25.6,999,99,99
2012,12,9,24,154,4.4,4.8,99,99,99,999,1017,25.7,25.7,999,99,99
2012,12,10,24,146,5.6,6.2,99,99,99,999,1016,25.8,25.7,999,99,99
2012,12,11,24,172,6.2,6.7,99,99,99,999,1015,25.9,25.7,999,99,99
2012,12,12,24,160,6.3,7,99,99,99,999,1018,25.7,25.8,999,99,99
2012,12,13,24,177,2.8,3.2,99,99,99,999,1018,25.2,25.9,999,99,99
2012,12,14,24,79,7.6,8.5,99,99,99,999,1018,22.1,25.7,999,99,99
2012,12,15,24,72,7.5,8.2,99,99,99,999,1018,23.8,25.7,999,99,99
2012,12,16,24,116,5.8,6.4,99,99,99,999,1016,24.4,25.5,999,99,99
2012,12,17,24,191,3.9,4.4,99,99,99,999,1015,24.9,25.8,999,99,99
2012,12,18,24,269,2.6,3.2,99,99,99,999,1015,25.2,25.8,999,99,99
2012,12,19,24,146,4.5,5.1,99,99,99,999,1017,23.9,26,999,99,99
2012,12,20,24,116,5.7,6.3,99,99,99,999,1018,24.9,26,999,99,99
2012,12,21,24,278,7.7,8.7,99,99,99,999,1017,22.8,25.8,999,99,99
2012,12,22,24,191,9.5,11,99,99,99,999,1022,14.3,24.8,999,99,99
2012,12,23,24,46,6.8,7.7,99,99,99,999,1022,17.9,24.6,999,99,99
2012,12,24,24,126,5.6,6.6,99,99,99,999,1019,22.4,24.8,999,99,99
2012,12,25,24,112,4.3,5.1,99,99,99,999,1016,23.4,24.7,999,99,99
2012,12,26,24,187,8.2,8.9,99,99,99,999,1014,24.5,24.8,999,99,99
2012,12,27,24,160,5.3,6.2,99,99,99,999,1016,19.5,24.6,999,99,99
2012,12,28,24,87,5.1,5.8,99,99,99,999,1017,22.7,24.8,999,99,99
2012,12,29,24,193,6.7,7.4,99,99,99,999,1016,24.9,25.2,999,99,99
2012,12,30,24,118,10.3,11.5,99,99,99,999,1021,18.3,24.5,999,99,99
2012,12,31,24,92,9.9,11.2,99,99,99,999,1024,21.2,23.8,999,99,99
2013,1,1,24,135,7.5,8.4,99,99,99,999,1021,23.1,24.5,999,99,99
2013,1,2,24,142,3.8,4.3,99,99,99,999,1018,23.9,24.5,999,99,99
2013,1,3,24,139,3.8,4.4,99,99,99,999,1019,24.4,24.4,999,99,99
2013,1,4,24,97,2.8,3.5,99,99,99,999,1021,24.3,24.4,999,99,99
2013,1,5,24,74,4.4,5,99,99,99,999,1022,24.4,24.5,999,99,99
2013,1,6,24,114,6.6,7.2,99,99,99,999,1021,24.6,24.7,999,99,99
2013,1,7,24,117,4,4.4,99,99,99,999,1020,24.6,24.8,999,99,99
2013,1,8,24,106,6.7,7.4,99,99,99,999,1020,65.5,24.7,999,99,99
2013,1,9,24,120,8.7,9.8,99,99,99,999,1022,25.1,24.8,999,99,99
2013,1,10,24,111,10.1,11.2,99,99,99,999,1024,24.8,24.9,999,99,99
2013,1,11,24,107,9.5,10.6,99,99,99,999,1023,24.7,25,999,99,99
2013,1,12,24,104,7.7,8.5,99,99,99,999,1020,24.3,25.2,999,99,99
2013,1,13,24,110,7.5,8.5,99,99,99,999,1019,24.2,25.1,999,99,99
2013,1,14,24,116,7.1,7.9,99,99,99,999,1020,24,25,999,99,99
2013,1,15,24,98,6.3,7.1,99,99,99,999,1020,24.1,25,999,99,99
2013,1,16,24,113,6,6.6,99,99,99,999,1018,24.2,24.9,999,99,99
2013,1,17,24,191,5.5,10.1,99,99,99,999,1018,24,24.9,999,99,99
2013,1,18,24,189,7.6,8.7,99,99,99,999,1021,17.3,24.6,999,99,99
2013,1,19,24,111,3.9,4.5,99,99,99,999,1021,20.2,24.7,999,99,99
2013,1,20,24,121,3.3,3.7,99,99,99,999,1019,22.1,24.5,999,99,99
2013,1,21,24,128,3,3.6,99,99,99,999,1017,23.5,24.6,999,99,99
2013,1,22,24,244,6.6,7.5,99,99,99,999,1018,20.8,24.4,999,99,99
2013,1,23,24,61,9.6,10.7,99,99,99,999,1023,21.9,23.5,999,99,99
2013,1,24,24,44,6.9,7.6,99,99,99,999,1024,21.1,24.2,999,99,99
2013,1,25,24,73,7.2,8.2,99,99,99,999,1024,22.2,24.4,999,99,99
2013,1,26,24,48,5.6,6.5,99,99,99,999,1023,21.9,24.5,999,99,99
2013,1,27,24,73,7.9,8.7,99,99,99,999,1023,23.6,24.6,999,99,99
2013,1,28,24,103,8.9,9.9,99,99,99,999,1024,23.5,24.3,999,99,99
2013,1,29,24,113,8.2,9.2,99,99,99,999,1023,24,24.5,999,99,99
2013,1,30,24,139,8.3,9.3,99,99,99,999,1019,23.8,25,999,99,99
2013,1,31,24,172,5.8,6.5,99,99,99,999,1017,23.6,25,999,99,99
2013,2,1,24,75,9.8,11,99,99,99,999,1022,18.7,24.6,999,99,99
2013,2,2,24,73,7.9,8.9,99,99,99,999,1022,21.1,24.4,999,99,99
2013,2,3,24,144,5.3,5.9,99,99,99,999,1020,20.5,24.7,999,99,99
2013,2,4,24,58,6.5,7.3,99,99,99,999,1019,19.5,24.1,999,99,99
2013,2,5,24,103,2.9,3.6,99,99,99,999,1018,22,24.1,999,99,99
2013,2,6,24,114,3.8,4.4,99,99,99,999,1018,23.3,24.2,999,99,99
2013,2,7,24,116,5.2,5.8,99,99,99,999,1018,23.2,24.3,999,99,99
2013,2,8,24,214,5,5.6,99,99,99,999,1016,23.8,24.3,999,99,99
2013,2,9,24,176,6.9,7.5,99,99,99,999,1018,22.4,24.2,999,99,99
2013,2,10,24,95,8.7,9.7,99,99,99,999,1022,23.1,24.1,999,99,99
2013,2,11,24,123,8.8,9.8,99,99,99,999,1022,23.2,23.9,999,99,99
2013,2,12,24,163,6.3,7,99,99,99,999,1019,24,24.1,999,99,99
2013,2,13,24,166,6.3,7,99,99,99,999,1016,24.3,24.1,999,99,99
2013,2,14,24,198,4.8,5.3,99,99,99,999,1015,24.6,24.1,999,99,99
2013,2,15,24,41,5.9,6.6,99,99,99,999,1015,21.4,24,999,99,99
2013,2,16,24,215,7,7.8,99,99,99,999,1014,20.3,24.1,999,99,99
2013,2,17,24,133,11.3,12.8,99,99,99,999,1021,13.8,23.6,999,99,99
2013,2,18,24,97,8.9,9.9,99,99,99,999,1025,15.1,23.4,999,99,99
2013,2,19,24,126,8.6,9.6,99,99,99,999,1022,21.9,23.8,999,99,99
2013,2,20,24,98,4.4,4.9,99,99,99,999,1019,22.4,24,999,99,99
2013,2,21,24,98,5.7,6.4,99,99,99,999,1018,23.6,23.9,999,99,99
2013,2,22,24,114,6.5,7.2,99,99,99,999,1018,24,24.1,999,99,99
2013,2,23,24,152,7.3,8.1,99,99,99,999,1017,24.5,24.1,999,99,99
2013,2,24,24,196,2,6.3,99,99,99,999,1389,65.3,27.4,999,99,99
2013,2,25,24,149,5,5.5,99,99,99,999,1013,25,24.5,999,99,99
2013,2,26,24,176,7.6,8.4,99,99,99,999,1012,25.1,24.7,999,99,99
2013,2,27,24,149,3.7,4.1,99,99,99,999,1014,25.1,24.6,999,99,99
2013,2,28,24,113,4.3,4.9,99,99,99,999,1015,21.1,24.6,999,99,99
2013,3,1,24,174,4.2,5,99,99,99,999,1014,19.1,24.2,999,99,99
2013,3,2,24,185,7.6,8.6,99,99,99,999,1016,15.7,24.2,999,99,99
2013,3,3,24,267,6.8,7.9,99,99,99,999,1017,14.8,24,999,99,99
2013,3,4,24,140,7.3,8.5,99,99,99,999,1021,13.4,23.5,999,99,99
2013,3,5,24,83,4.2,4.9,99,99,99,999,1021,18.9,23.5,999,99,99
2013,3,6,24,252,5.4,6.3,99,99,99,999,1019,20.6,23.7,999,99,99
2013,3,7,24,305,8.4,9.7,99,99,99,999,1020,15.1,22.7,999,99,99
2013,3,8,24,141,6.6,7.3,99,99,99,999,1021,17.5,22.3,999,99,99
2013,3,9,24,158,6,6.7,99,99,99,999,1021,19.7,22.8,999,99,99
2013,3,10,24,93,7.5,8.5,99,99,99,999,1020,20.9,22.9,999,99,99
2013,3,11,24,121,8.5,9.4,99,99,99,999,1017,22.1,23.1,999,99,99
2013,3,12,24,178,7.9,8.6,99,99,99,999,1015,23.3,23.2,999,99,99
2013,3,13,24,175,6.5,7.3,99,99,99,999,1017,20.4,23.3,999,99,99
2013,3,14,24,94,8.6,9.5,99,99,99,999,1020,18.7,22.7,999,99,99
2013,3,15,24,25,8.6,9.6,99,99,99,999,1022,18.1,23.4,999,99,99
2013,3,16,24,77,4.3,5.2,99,99,99,999,1022,20.1,23.3,999,99,99
2013,3,17,24,146,5.6,6.4,99,99,99,999,1020,21.6,23.8,999,99,99
2013,3,18,24,154,7.3,8,99,99,99,999,1017,23.3,23.8,999,99,99
2013,3,19,24,188,4.1,4.5,99,99,99,999,1015,22.8,23.6,999,99,99
2013,3,20,24,209,3.8,4.3,99,99,99,999,1014,22,23.3,999,99,99
2013,3,21,24,181,5,5.8,99,99,99,999,1013,20.7,23.3,999,99,99
2013,3,22,24,113,4.4,5,99,99,99,999,1014,22.8,23.5,999,99,99
2013,3,23,23,162,4.2,4.7,99,99,99,999,1014,24.3,23.7,999,99,99
2013,3,24,24,185,4.8,5.4,99,99,99,999,1010,24.7,24.1,999,99,99
2013,3,25,24,268,4.6,8.9,99,99,99,999,1385,65.6,27.2,999,99,99
2013,3,26,24,131,9.2,10.4,99,99,99,999,1017,19,23.9,999,99,99
2013,3,27,24,142,8.2,9.4,99,99,99,999,1023,14.4,22.8,999,99,99
2013,3,28,24,39,7.7,8.5,99,99,99,999,1023,17.9,22.7,999,99,99
2013,3,29,24,43,7.4,8.2,99,99,99,999,1024,20,23.5,999,99,99
2013,3,30,24,92,6.2,7.1,99,99,99,999,1023,21,23.5,999,99,99
2013,3,31,24,125,5.9,6.7,99,99,99,999,1021,22.4,23.7,999,99,99
2013,4,1,24,171,5.8,6.4,99,99,99,999,1018,23.5,23.7,999,99,99
2013,4,2,24,161,3.2,3.7,99,99,99,999,1018,23.1,23.6,999,99,99
2013,4,3,24,125,5,5.4,99,99,99,999,1017,24.1,23.6,999,99,99
2013,4,4,24,144,6,6.6,99,99,99,999,1017,24.5,23.6,999,99,99
2013,4,5,24,187,5.7,6.2,99,99,99,999,1014,22.7,23.4,999,99,99
2013,4,6,24,203,7.6,8.6,99,99,99,999,1015,19.9,23.1,999,99,99
2013,4,7,24,87,7.5,8.3,99,99,99,999,1018,23.5,23.3,999,99,99
2013,4,8,24,96,6.6,7.3,99,99,99,999,1019,23.5,23.4,999,99,99
2013,4,9,24,95,6.6,7.3,99,99,99,999,1019,24.2,23.9,999,99,99
2013,4,10,24,108,8.2,9.1,99,99,99,999,1018,24.9,24.5,999,99,99
2013,4,11,24,126,9.2,10.3,99,99,99,999,1015,25.2,25.1,999,99,99
2013,4,12,24,162,7.4,8.2,99,99,99,999,1014,66.3,25.5,999,99,99
2013,4,13,24,172,4.7,5.2,99,99,99,999,1014,25.9,25.7,999,99,99
2013,4,14,24,148,4.7,5.1,99,99,99,999,1014,26,25.7,999,99,99
2013,4,15,24,148,4.4,5,99,99,99,999,1015,26.4,25.7,999,99,99
2013,4,16,24,74,3.7,4.1,99,99,99,999,1018,26.4,26.1,999,99,99
2013,4,17,24,82,6.1,6.8,99,99,99,999,1018,26.1,26.6,999,99,99
2013,4,18,24,108,6.8,7.6,99,99,99,999,1017,25.9,26.7,999,99,99
2013,4,19,24,135,7.9,8.8,99,99,99,999,1016,26.3,26.6,999,99,99
2013,4,20,24,197,6.3,6.8,99,99,99,999,1016,26.4,26.5,999,99,99
2013,4,21,24,161,2.8,3.2,99,99,99,999,1018,25.4,26.4,999,99,99
2013,4,22,24,129,3.2,3.9,99,99,99,999,1016,24.8,26.5,999,99,99
2013,4,23,24,34,7.1,7.8,99,99,99,999,1016,24.6,26.6,999,99,99
2013,4,24,24,79,8.3,9.2,99,99,99,999,1018,24.9,26.4,999,99,99
2013,4,25,24,73,6.7,7.6,99,99,99,999,1020,24.8,26.4,999,99,99
2013,4,26,24,71,7.1,8,99,99,99,999,1022,24.2,26.4,999,99,99
2013,4,27,24,76,8.2,9.2,99,99,99,999,1021,24.4,26.3,999,99,99
2013,4,28,24,96,9.3,10.3,99,99,99,999,1018,24.9,26.2,999,99,99
2013,4,29,24,125,8.1,9,99,99,99,999,1016,25,26.1,999,99,99
2013,4,30,24,152,6,6.8,99,99,99,999,1015,26.1,26.1,999,99,99
2013,5,1,24,140,4.6,5,99,99,99,999,1015,26.1,26.3,999,99,99
2013,5,2,24,160,7.5,8.4,99,99,99,999,1013,23.9,26.4,999,99,99
2013,5,3,24,163,2.9,3.4,99,99,99,999,1009,24.2,26.2,999,99,99
2013,5,4,24,303,7.5,8.4,99,99,99,999,1008,24.7,26.2,999,99,99
2013,5,5,24,300,7.1,8.1,99,99,99,999,1011,23.7,26.1,999,99,99
2013,5,6,24,212,6.5,7.2,99,99,99,999,1015,22.6,25.8,999,99,99
2013,5,7,24,254,4.4,5.1,99,99,99,999,1017,23.7,25.8,999,99,99
2013,5,8,24,198,2,2.5,99,99,99,999,1019,23.6,25.9,999,99,99
2013,5,9,24,67,3.6,4,99,99,99,999,1020,24.9,26.1,999,99,99
2013,5,10,24,125,3.5,4,99,99,99,999,1019,26.4,26.5,999,99,99
2013,5,11,24,151,5.2,5.7,99,99,99,999,1018,26.6,26.6,999,99,99
2013,5,12,24,168,3.9,4.5,99,99,99,999,1017,26.5,26.3,999,99,99
2013,5,13,24,109,1.6,2,99,99,99,999,1018,26.7,26.7,999,99,99
2013,5,14,24,77,7.9,8.6,99,99,99,999,1019,25.4,26.7,999,99,99
2013,5,15,24,74,7.7,8.7,99,99,99,999,1020,24.8,26.3,999,99,99
2013,5,16,24,102,6,6.8,99,99,99,999,1019,24.6,26.2,999,99,99
2013,5,17,24,100,3.2,3.7,99,99,99,999,1018,66,26.5,999,99,99
2013,5,18,24,131,4.1,4.7,99,99,99,999,1019,26.3,26.6,999,99,99
2013,5,19,24,96,4.8,5.5,99,99,99,999,1018,26.2,26.3,999,99,99
2013,5,20,24,111,5.8,6.5,99,99,99,999,1017,26.3,26.1,999,99,99
2013,5,21,24,117,6,6.7,99,99,99,999,1015,25.6,26.2,999,99,99
2013,5,22,21,183,5.7,6.3,99,99,99,999,1014,26.6,26.5,999,99,99
2013,5,23,24,239,5,5.5,99,99,99,999,1015,27.1,26.6,999,99,99
2013,5,24,24,261,3.5,3.9,99,99,99,999,1017,27.2,26.5,999,99,99
2013,5,25,24,85,4.8,5.3,99,99,99,999,1019,26.7,26.9,999,99,99
2013,5,26,24,70,7.7,8.5,99,99,99,999,1020,26.3,26.9,999,99,99
2013,5,27,24,88,10.1,11.2,99,99,99,999,1019,26.1,26.8,999,99,99
2013,5,28,24,123,8.2,12.9,99,99,99,999,1018,25.2,29.6,999,99,99
2013,5,29,24,113,10.3,11.5,99,99,99,999,1017,25,26.3,999,99,99
2013,5,30,24,122,8.4,9.3,99,99,99,999,1016,24.9,26.3,999,99,99
2013,5,31,24,109,5.5,6.1,99,99,99,999,1017,25.7,26.4,999,99,99
2013,6,1,24,125,3.7,4.1,99,99,99,999,1016,25.7,26.6,999,99,99
2013,6,2,24,144,2.9,3.2,99,99,99,999,1016,26,26.7,999,99,99
2013,6,3,24,195,3.1,3.6,99,99,99,999,1015,26.2,26.6,999,99,99
2013,6,4,24,97,4.1,4.5,99,99,99,999,1016,26.4,26.5,999,99,99
2013,6,5,24,109,7.5,8.2,99,99,99,999,1015,27.2,26.4,999,99,99
2013,6,6,24,166,8.8,9.8,99,99,99,999,1012,27.3,26.5,999,99,99
2013,6,7,24,221,6.5,7.2,99,99,99,999,1013,26.9,26.6,999,99,99
2013,6,8,24,151,4.4,5.2,99,99,99,999,1017,26.7,26.7,999,99,99
2013,6,9,24,118,7,7.8,99,99,99,999,1018,27.5,26.9,999,99,99
2013,6,10,24,105,6.7,7.4,99,99,99,999,1018,27.7,27.2,999,99,99
2013,6,11,24,109,3.7,4.2,99,99,99,999,1018,27.2,27.5,999,99,99
2013,6,12,24,152,3.2,3.7,99,99,99,999,1018,27.2,27.7,999,99,99
2013,6,13,24,153,3.6,4,99,99,99,999,1017,27.1,27.7,999,99,99
2013,6,14,24,226,3.2,3.6,99,99,99,999,1015,27.2,27.7,999,99,99
2013,6,15,24,170,3.3,3.7,99,99,99,999,1016,27.7,27.9,999,99,99
2013,6,16,24,122,3.3,3.7,99,99,99,999,1018,28.1,28.1,999,99,99
2013,6,17,24,121,5.2,5.8,99,99,99,999,1018,28.2,28.1,999,99,99
2013,6,18,24,129,5.2,5.8,99,99,99,999,1018,28.3,28.1,999,99,99
2013,6,19,24,151,4.6,5.3,99,99,99,999,1017,28.3,28.2,999,99,99
2013,6,20,24,130,5.3,6,99,99,99,999,1018,28.4,28.5,999,99,99
2013,6,21,24,110,5.6,6.3,99,99,99,999,1019,28.1,28.6,999,99,99
2013,6,22,24,95,5.8,6.4,99,99,99,999,1018,28.1,28.8,999,99,99
2013,6,23,24,122,6,6.8,99,99,99,999,1019,27.6,28.8,999,99,99
2013,6,24,24,104,6.9,7.6,99,99,99,999,1020,28.1,28.7,999,99,99
2013,6,25,24,108,6.7,7.5,99,99,99,999,1019,27.8,28.7,999,99,99
2013,6,26,24,121,6.5,7.1,99,99,99,999,1018,27.9,28.7,999,99,99
2013,6,27,23,118,3.3,3.7,99,99,99,999,1017,27.9,28.6,999,99,99
2013,6,28,24,132,2.6,3,99,99,99,999,1015,28.1,28.7,999,99,99
2013,6,29,24,190,4.8,5.4,99,99,99,999,1013,27.9,28.9,999,99,99
2013,6,30,23,203,8.7,9.6,99,99,99,999,1013,27.9,28.5,999,99,99
2013,7,1,24,185,7.5,8.4,99,99,99,999,1015,27.7,27.9,999,99,99
2013,7,2,24,151,4.9,5.6,99,99,99,999,1017,27.8,27.8,999,99,99
2013,7,3,24,146,7.2,8,99,99,99,999,1019,27.4,27.6,999,99,99
2013,7,4,24,124,8.4,9.3,99,99,99,999,1019,28,27.5,999,99,99
2013,7,5,24,125,8,9,99,99,99,999,1019,27.4,27.7,999,99,99
2013,7,6,24,120,7.6,8.4,99,99,99,999,1018,27.9,27.8,999,99,99
2013,7,7,24,103,7.4,8.3,99,99,99,999,1018,27.7,28.1,999,99,99
2013,7,8,24,100,7.3,8.1,99,99,99,999,1019,27.9,28.1,999,99,99
2013,7,9,24,75,4,4.5,99,99,99,999,1020,27.2,28.1,999,99,99
2013,7,10,24,140,3.1,3.6,99,99,99,999,1018,27,28.3,999,99,99
2013,7,11,24,136,3.5,4,99,99,99,999,1016,28.1,28.5,999,99,99
2013,7,12,24,179,4.2,4.8,99,99,99,999,1015,27.6,28.7,999,99,99
2013,7,13,24,202,6.7,7.5,99,99,99,999,1015,27.4,28.6,999,99,99
2013,7,14,24,146,6.8,7.6,99,99,99,999,1017,27,28.5,999,99,99
2013,7,15,24,67,5.3,6,99,99,99,999,1018,26.8,28.5,999,99,99
2013,7,16,24,107,8.8,9.8,99,99,99,999,1018,26.5,28.3,999,99,99
2013,7,17,24,112,6.2,7.1,99,99,99,999,1019,25.3,28.1,999,99,99
2013,7,18,24,138,5.2,5.9,99,99,99,999,1019,26.5,28.3,999,99,99
2013,7,19,24,101,6.6,7.3,99,99,99,999,1019,27.6,28.3,999,99,99
2013,7,20,24,140,5.8,6.3,99,99,99,999,1019,28.1,28.3,999,99,99
2013,7,21,24,143,4.9,5.5,99,99,99,999,1019,28.1,28.3,999,99,99
2013,7,22,24,108,4.3,4.8,99,99,99,999,1020,28,28.6,999,99,99
2013,7,23,24,139,3.4,3.8,99,99,99,999,1019,28.1,28.7,999,99,99
2013,7,24,24,214,2.7,3.1,99,99,99,999,1016,28,28.8,999,99,99
2013,7,25,24,263,4.4,4.9,99,99,99,999,1016,28.6,28.8,999,99,99
2013,7,26,24,272,5,5.5,99,99,99,999,1017,28.6,28.8,999,99,99
2013,7,27,24,252,4.4,4.9,99,99,99,999,1016,28.4,28.8,999,99,99
2013,7,28,24,183,2.1,2.4,99,99,99,999,1017,28.5,29.1,999,99,99
2013,7,29,24,102,3.9,4.5,99,99,99,999,1019,28.7,29.5,999,99,99
2013,7,30,24,101,5.9,6.6,99,99,99,999,1020,28.7,29.7,999,99,99
2013,7,31,24,98,7,7.7,99,99,99,999,1018,28.9,29.6,999,99,99
2013,8,1,24,91,6.5,7.3,99,99,99,999,1016,28.4,29.6,999,99,99
2013,8,2,23,202,2.1,2.5,99,99,99,999,1016,28,29.4,999,99,99
2013,8,3,24,179,3.7,4.2,99,99,99,999,1019,28.8,29.5,999,99,99
2013,8,4,24,121,1.5,2,99,99,99,999,1019,29,29.5,999,99,99
2013,8,5,24,290,2.4,2.8,99,99,99,999,1017,29.2,29.5,999,99,99
2013,8,6,24,242,4.1,4.6,99,99,99,999,1015,28.2,29.5,999,99,99
2013,8,7,24,137,3.3,3.8,99,99,99,999,1014,28.4,29.6,999,99,99
2013,8,8,23,121,7.5,8.3,99,99,99,999,1014,28.9,29.7,999,99,99
2013,8,9,24,118,6.7,7.6,99,99,99,999,1016,27.9,29.6,999,99,99
2013,8,10,24,108,8.2,9.2,99,99,99,999,1018,28.6,29.6,999,99,99
2013,8,11,24,91,8.9,9.7,99,99,99,999,1019,28.9,29.7,999,99,99
2013,8,12,24,78,6.7,7.4,99,99,99,999,1018,28.6,29.7,999,99,99
2013,8,13,24,110,5.7,6.5,99,99,99,999,1017,28.5,29.6,999,99,99
2013,8,14,24,117,4.9,5.4,99,99,99,999,1016,28.4,29.6,999,99,99
2013,8,15,24,150,4.8,5.4,99,99,99,999,1016,27.8,29.6,999,99,99
2013,8,16,24,118,4.8,5.3,99,99,99,999,1017,28.8,29.5,999,99,99
2013,8,17,24,107,5.7,6.3,99,99,99,999,1017,28.8,29.5,999,99,99
2013,8,18,24,109,7.5,8.2,99,99,99,999,1017,28.8,29.4,999,99,99
2013,8,19,24,110,6.7,7.4,99,99,99,999,1016,28.7,29.5,999,99,99
2013,8,20,24,93,5.6,6.2,99,99,99,999,1016,28.2,29.5,999,99,99
2013,8,21,24,104,7.7,8.5,99,99,99,999,1017,28.9,29.5,999,99,99
2013,8,22,24,104,7.9,8.7,99,99,99,999,1016,28.9,29.5,999,99,99
2013,8,23,23,119,5.4,6,99,99,99,999,1015,28.5,29.5,999,99,99
2013,8,24,24,123,4.1,4.5,99,99,99,999,1017,28.9,29.5,999,99,99
2013,8,25,24,103,4.2,4.8,99,99,99,999,1019,28.3,29.5,999,99,99
2013,8,26,24,86,5.2,5.9,99,99,99,999,1018,27.4,29.3,999,99,99
2013,8,27,24,91,4.8,5.6,99,99,99,999,1017,26.7,29,999,99,99
2013,8,28,24,114,5.2,6,99,99,99,999,1016,25.9,28.7,999,99,99
2013,8,29,24,155,2.1,2.5,99,99,99,999,1016,27.8,28.7,999,99,99
2013,8,30,24,172,2,2.4,99,99,99,999,1015,27.8,28.9,999,99,99
2013,8,31,23,148,2.6,3.2,99,99,99,999,1015,27.8,29.1,999,99,99
2013,9,1,24,143,3,3.6,99,99,99,999,1015,28.6,29.3,999,99,99
2013,9,2,24,150,2.2,2.7,99,99,99,999,1016,28.5,29.5,999,99,99
2013,9,3,24,105,2.8,3.3,99,99,99,999,1015,28.7,29.4,999,99,99
2013,9,4,24,96,5.5,6,99,99,99,999,1016,28.8,29.5,999,99,99
2013,9,5,24,98,6.2,6.8,99,99,99,999,1017,28.8,29.4,999,99,99
2013,9,6,24,87,5.7,6.4,99,99,99,999,1016,29,29.5,999,99,99
2013,9,7,24,106,4.8,5.3,99,99,99,999,1014,27.5,29.4,999,99,99
2013,9,8,24,82,3.7,4.4,99,99,99,999,1013,27.5,29.3,999,99,99
2013,9,9,24,87,4.2,4.7,99,99,99,999,1014,27.9,29.6,999,99,99
2013,9,10,24,93,5.8,6.6,99,99,99,999,1015,28.4,29.4,999,99,99
2013,9,11,24,112,6.7,7.5,99,99,99,999,1016,27.6,29.4,999,99,99
2013,9,12,24,107,3.4,4,99,99,99,999,1015,28,29.3,999,99,99
2013,9,13,24,143,1.7,2.2,99,99,99,999,1012,28.3,29.5,999,99,99
2013,9,14,24,108,3.6,4.1,99,99,99,999,1012,28.6,29.6,999,99,99
2013,9,15,24,109,6.4,7.1,99,99,99,999,1015,28.6,29.6,999,99,99
2013,9,16,24,83,6.6,7.6,99,99,99,999,1016,27.2,29.1,999,99,99
2013,9,17,23,92,5.9,6.5,99,99,99,999,1015,27.5,28.9,999,99,99
2013,9,18,24,106,4,4.4,99,99,99,999,1015,27.8,28.9,999,99,99
2013,9,19,24,60,4.3,4.8,99,99,99,999,1015,27.7,28.9,999,99,99
2013,9,20,24,80,5.9,6.7,99,99,99,999,1015,27.3,29,999,99,99
2013,9,21,24,104,3.5,3.9,99,99,99,999,1012,27.8,29,999,99,99
2013,9,22,24,189,3.8,4.3,99,99,99,999,1010,28,29.1,999,99,99
2013,9,23,24,191,5,5.5,99,99,99,999,1013,28.5,29.1,999,99,99
2013,9,24,24,196,4.8,5.2,99,99,99,999,1015,28.7,29.1,999,99,99
2013,9,25,24,227,4,4.5,99,99,99,999,1013,28.9,29.3,999,99,99
2013,9,26,24,280,6.8,7.4,99,99,99,999,1012,29.1,29.1,999,99,99
2013,9,27,24,259,5,5.5,99,99,99,999,1012,28.6,29.1,999,99,99
2013,9,28,24,81,3.1,3.7,99,99,99,999,1013,27.9,29.2,999,99,99
2013,9,29,24,85,4,4.6,99,99,99,999,1014,27.3,29.3,999,99,99
2013,9,30,24,105,6.2,6.9,99,99,99,999,1014,27.9,29.3,999,99,99
2013,10,1,24,96,6.8,7.6,99,99,99,999,1015,28,29.3,999,99,99
2013,10,2,24,95,5.3,5.9,99,99,99,999,1016,27.4,29.2,999,99,99
2013,10,3,24,97,5,5.6,99,99,99,999,1016,28.2,29.2,999,99,99
2013,10,4,24,88,5.7,6.4,99,99,99,999,1016,28,29.1,999,99,99
2013,10,5,24,73,3.9,4.5,99,99,99,999,1016,27.9,29.1,999,99,99
2013,10,6,24,111,2.4,2.9,99,99,99,999,1014,27.9,29,999,99,99
2013,10,7,24,216,4.7,5.4,99,99,99,999,1013,28.1,29.1,999,99,99
2013,10,8,24,251,5.2,5.8,99,99,99,999,1013,28.4,29.1,999,99,99
2013,10,9,24,319,2.6,3,99,99,99,999,1015,27.5,29,999,99,99
2013,10,10,24,51,5.8,6.4,99,99,99,999,1015,27,28.9,999,99,99
2013,10,11,24,60,6.7,7.6,99,99,99,999,1015,27.3,28.8,999,99,99
2013,10,12,24,68,5.9,6.8,99,99,99,999,1016,27,28.5,999,99,99
2013,10,13,24,71,5.8,6.7,99,99,99,999,1016,27.1,28.5,999,99,99
2013,10,14,24,52,6.2,7.1,99,99,99,999,1015,26.9,28.2,999,99,99
2013,10,15,24,39,5.3,6,99,99,99,999,1013,26.6,28.1,999,99,99
2013,10,16,24,42,4.3,4.8,99,99,99,999,1013,26.7,28.1,999,99,99
2013,10,17,24,91,4.4,4.9,99,99,99,999,1014,27.2,28.2,999,99,99
2013,10,18,24,98,5.2,5.8,99,99,99,999,1014,27.4,28.3,999,99,99
2013,10,19,24,110,5.2,5.7,99,99,99,999,1014,27.1,28.3,999,99,99
2013,10,20,24,174,3.3,3.7,99,99,99,999,1014,27.9,28.4,999,99,99
2013,10,21,24,165,3,3.5,99,99,99,999,1015,28.2,28.5,999,99,99
2013,10,22,24,170,3.7,4.3,99,99,99,999,1014,28.2,28.6,999,99,99
2013,10,23,24,229,2.4,2.8,99,99,99,999,1012,27.9,28.7,999,99,99
2013,10,24,24,43,7.4,8.1,99,99,99,999,1015,26.2,28.5,999,99,99
2013,10,25,24,47,9.6,10.8,99,99,99,999,1018,26.3,28,999,99,99
2013,10,26,24,65,10.3,11.6,99,99,99,999,1019,26,26.9,999,99,99
2013,10,27,24,63,7.3,8.3,99,99,99,999,1018,25.7,27.2,999,99,99
2013,10,28,24,71,7.3,8.2,99,99,99,999,1018,26,27.4,999,99,99
2013,10,29,24,63,7.7,8.6,99,99,99,999,1020,26.4,27.2,999,99,99
2013,10,30,24,82,9.1,10.1,99,99,99,999,1020,26.5,26.9,999,99,99
2013,10,31,24,101,7.6,8.6,99,99,99,999,1018,26.7,27.6,999,99,99
2013,11,1,24,144,4.4,5,99,99,99,999,1015,27.1,27.6,999,99,99
2013,11,2,24,239,3.1,3.7,99,99,99,999,1013,26.7,27.5,999,99,99
2013,11,3,24,123,8.1,8.9,99,99,99,999,1013,24.6,27.1,999,99,99
2013,11,4,24,60,11.1,12.3,99,99,99,999,1016,25.5,26.7,999,99,99
2013,11,5,24,71,14.1,15.7,99,99,99,999,1015,26,26.6,999,99,99
2013,11,6,24,82,11,12.2,99,99,99,999,1016,26.5,26.5,999,99,99
2013,11,7,23,46,5,5.5,99,99,99,999,1406,26.1,27,999,99,99
2013,11,8,24,24,7.3,8.1,99,99,99,999,1015,25.2,26.9,999,99,99
2013,11,9,24,80,8.5,9.4,99,99,99,999,1017,26.6,26.9,999,99,99
2013,11,10,24,79,8.4,9.3,99,99,99,999,1018,26.2,27.5,999,99,99
2013,11,11,24,74,9,9.9,99,99,99,999,1018,26.5,27.4,999,99,99
2013,11,12,24,87,6,6.7,99,99,99,999,1017,26.3,27.5,999,99,99
2013,11,13,24,56,9.1,10.2,99,99,99,999,1017,24.7,26.7,999,99,99
2013,11,14,24,69,13.6,15.3,99,99,99,999,1020,23.6,26.5,999,99,99
2013,11,15,24,89,10.3,11.5,99,99,99,999,1019,25.1,26.7,999,99,99
2013,11,16,24,104,10,11.1,99,99,99,999,1017,26.1,26.8,999,99,99
2013,11,17,24,108,7.9,8.7,99,99,99,999,1017,26.1,26.7,999,99,99
2013,11,18,24,98,4.2,4.8,99,99,99,999,1016,26.2,27.1,999,99,99
2013,11,19,24,148,1.5,1.8,99,99,99,999,1014,25.8,27.2,999,99,99
2013,11,20,24,130,2.3,2.7,99,99,99,999,1015,25.9,27,999,99,99
2013,11,21,24,109,4.5,5.1,99,99,99,999,1018,26.2,27.2,999,99,99
2013,11,22,24,86,7.9,8.8,99,99,99,999,1019,25.4,27,999,99,99
2013,11,23,24,83,8.1,9.1,99,99,99,999,1017,26,26.7,999,99,99
2013,11,24,24,78,5.6,6.4,99,99,99,999,1017,25,26.9,999,99,99
2013,11,25,24,70,13.2,14.8,99,99,99,999,1019,23.9,26.1,999,99,99
2013,11,26,24,132,11,12.3,99,99,99,999,1015,25.6,26.4,999,99,99
2013,11,27,24,259,7.5,8.4,99,99,99,999,1013,24.3,26.8,999,99,99
2013,11,28,24,98,9.5,10.8,99,99,99,999,1020,18.1,25.5,999,99,99
2013,11,29,24,46,10.2,11.4,99,99,99,999,1022,22.7,25.2,999,99,99
2013,11,30,24,45,8.9,9.8,99,99,99,999,1021,23.2,25.2,999,99,99
2013,12,1,24,47,5.9,6.5,99,99,99,999,1018,23.4,25.6,999,99,99
2013,12,2,24,263,4.4,5,99,99,99,999,1014,21.2,26.1,999,99,99
2013,12,3,24,214,3.7,4.4,99,99,99,999,1014,23.1,26.3,999,99,99
2013,12,4,24,143,5.1,5.8,99,99,99,999,1017,25,26.4,999,99,99
2013,12,5,24,109,5.7,6.4,99,99,99,999,1019,25.4,26.2,999,99,99
2013,12,6,24,119,8.5,9.5,99,99,99,999,1020,25.8,26.3,999,99,99
2013,12,7,24,107,6.3,7.1,99,99,99,999,1021,25.5,26.2,999,99,99
2013,12,8,24,105,8.2,9.2,99,99,99,999,1021,25.4,26.2,999,99,99
2013,12,9,24,126,8.5,9.6,99,99,99,999,1021,25.8,26.2,999,99,99
2013,12,10,24,120,6.6,7.4,99,99,99,999,1020,25.8,26.2,999,99,99
2013,12,11,24,102,6.6,7.3,99,99,99,999,1021,25.9,26.2,999,99,99
2013,12,12,24,76,6.3,6.9,99,99,99,999,1021,25.6,26.3,999,99,99
2013,12,13,24,62,11,12.2,99,99,99,999,1020,24,25.9,999,99,99
2013,12,14,24,124,9.5,10.6,99,99,99,999,1018,25.3,26.2,999,99,99
2013,12,15,24,196,7.2,7.8,99,99,99,999,1016,26.2,26.1,999,99,99
2013,12,16,24,167,5.9,6.6,99,99,99,999,1018,22.9,25.9,999,99,99
2013,12,17,24,50,7.1,7.8,99,99,99,999,1020,21.4,25.6,999,99,99
2013,12,18,24,28,8.1,9.1,99,99,99,999,1021,22.6,25.2,999,99,99
2013,12,19,24,78,8.9,9.9,99,99,99,999,1022,23.5,25.1,999,99,99
2013,12,20,24,101,9.8,10.8,99,99,99,999,1020,24.9,25.5,999,99,99
2013,12,21,24,122,9.7,10.8,99,99,99,999,1019,25.7,25.8,999,99,99
2013,12,22,24,135,10.1,11.2,99,99,99,999,1019,26,26.3,999,99,99
2013,12,23,24,139,8,8.9,99,99,99,999,1021,26,26,999,99,99
2013,12,24,24,101,1.9,2.2,99,99,99,999,1021,25.1,25.9,999,99,99
2013,12,25,24,49,10.7,11.8,99,99,99,999,1019,23.6,25.6,999,99,99
2013,12,26,24,93,7.2,8,99,99,99,999,1019,24.5,25.5,999,99,99
2013,12,27,24,82,7.4,8.1,99,99,99,999,1020,25.2,25.6,999,99,99
2013,12,28,24,102,9.1,10.2,99,99,99,999,1020,25.3,25.5,999,99,99
2013,12,29,24,160,8.4,9.3,99,99,99,999,1017,25.9,26,999,99,99
2013,12,30,24,150,2.9,3.3,99,99,99,999,1017,24.9,26.1,999,99,99
2013,12,31,24,71,7,7.7,99,99,99,999,1020,23.3,26,999,99,99
2014,1,1,24,100,9.3,10.4,99,99,99,999,1020,25.1,25.6,999,99,99
2014,1,2,24,173,6.8,7.8,99,99,99,999,1016,25.7,25.9,999,99,99
2014,1,3,24,175,8.1,9,99,99,99,999,1016,21.8,25.5,999,99,99
2014,1,4,24,80,9.5,10.6,99,99,99,999,1019,22.5,24.9,999,99,99
2014,1,5,24,136,7,7.9,99,99,99,999,1017,24.7,25.3,999,99,99
2014,1,6,24,135,0.9,1.2,99,99,99,999,1017,25.2,25.4,999,99,99
2014,1,7,24,92,11.2,12.6,99,99,99,999,1022,15.4,24,999,99,99
2014,1,8,24,73,10.7,11.9,99,99,99,999,1023,18.2,23.8,999,99,99
2014,1,9,24,93,9.1,10,99,99,99,999,1021,24,24.3,999,99,99
2014,1,10,24,113,7.3,8,99,99,99,999,1020,25.2,24.6,999,99,99
2014,1,11,24,154,7,7.7,99,99,99,999,1019,25.6,24.9,999,99,99
2014,1,12,24,191,4.2,4.7,99,99,99,999,1019,23.6,24.8,999,99,99
2014,1,13,24,108,6,6.7,99,99,99,999,1020,24.4,25.2,999,99,99
2014,1,14,24,187,6.2,6.8,99,99,99,999,1017,25.2,25.2,999,99,99
2014,1,15,24,265,5.5,6.1,99,99,99,999,1016,23.1,25,999,99,99
2014,1,16,24,279,7.9,9.1,99,99,99,999,1017,16.6,24.3,999,99,99
2014,1,17,24,288,5.2,6.1,99,99,99,999,1021,13.6,24.1,999,99,99
2014,1,18,24,262,6.2,6.9,99,99,99,999,1022,16.8,24.4,999,99,99
2014,1,19,24,296,5.1,5.9,99,99,99,999,1023,15.2,24,999,99,99
2014,1,20,24,265,2.9,3.5,99,99,99,999,1022,19.9,24.2,999,99,99
2014,1,21,24,279,4.4,5,99,99,99,999,1017,20.6,24.2,999,99,99
2014,1,22,24,295,7.1,8.1,99,99,99,999,1017,17.2,23.8,999,99,99
2014,1,23,24,102,6.6,7.3,99,99,99,999,1022,15.6,23.2,999,99,99
2014,1,24,24,29,8.6,9.7,99,99,99,999,1024,18.6,23.4,999,99,99
2014,1,25,24,74,5.1,5.9,99,99,99,999,1021,19.8,23.3,999,99,99
2014,1,26,24,142,2.6,3.1,99,99,99,999,1018,21.2,23.6,999,99,99
2014,1,27,24,176,3,3.5,99,99,99,999,1017,23.6,23.6,999,99,99
2014,1,28,24,118,2.4,2.6,99,99,99,999,1017,22.9,23.6,999,99,99
2014,1,29,24,176,2.7,3.1,99,99,99,999,1017,24.2,23.7,999,99,99
2014,1,30,24,88,6,6.7,99,99,99,999,1017,20.3,23.3,999,99,99
2014,1,31,24,128,4.6,5.2,99,99,99,999,1017,24.3,23.7,999,99,99
2014,2,1,24,145,5.1,5.8,99,99,99,999,1019,24.9,24.1,999,99,99
2014,2,2,24,122,6,6.7,99,99,99,999,1019,24.7,24.3,999,99,99
2014,2,3,24,127,6.5,7.2,99,99,99,999,1018,25,24.5,999,99,99
2014,2,4,24,109,6.1,6.8,99,99,99,999,1019,24.8,24.5,999,99,99
2014,2,5,24,154,6.4,7.2,99,99,99,999,1018,25.3,24.6,999,99,99
2014,2,6,24,141,3.4,4,99,99,99,999,1018,25,24.9,999,99,99
2014,2,7,22,122,3.7,4.1,99,99,99,999,1019,24.8,25.1,999,99,99
2014,2,8,24,142,3.3,3.8,99,99,99,999,1018,24.9,25.5,999,99,99
2014,2,9,24,211,2.5,2.9,99,99,99,999,1017,23.1,25.6,999,99,99
2014,2,10,24,58,4.7,5.3,99,99,99,999,1017,23.6,25.5,999,99,99
2014,2,11,24,153,2.3,2.7,99,99,99,999,1017,24.6,25.8,999,99,99
2014,2,12,24,136,4.7,5.4,99,99,99,999,1015,24.4,25.7,999,99,99
2014,2,13,24,271,10,11.4,99,99,99,999,1011,22.5,25.2,999,99,99
2014,2,14,24,193,5.7,6.6,99,99,99,999,1016,16.5,24.5,999,99,99
2014,2,15,24,294,4.9,5.6,99,99,99,999,1017,20.5,24.4,999,99,99
2014,2,16,24,168,5.9,6.6,99,99,99,999,1020,19.1,23.9,999,99,99
2014,2,17,24,86,5.4,6.1,99,99,99,999,1021,22.3,23.9,999,99,99
2014,2,18,24,94,6.5,7.3,99,99,99,999,1022,22.9,24.1,999,99,99
2014,2,19,24,109,7,7.8,99,99,99,999,1020,23.4,24.2,999,99,99
2014,2,20,24,113,7.7,8.6,99,99,99,999,1019,24.3,24.3,999,99,99
2014,2,21,24,143,7.8,8.7,99,99,99,999,1018,25.1,24.7,999,99,99
2014,2,22,24,154,4.4,5,99,99,99,999,1018,25.1,24.7,999,99,99
2014,2,23,24,114,2.8,3.3,99,99,99,999,1018,25,25.1,999,99,99
2014,2,24,24,188,2.1,2.5,99,99,99,999,1017,24.8,26,999,99,99
2014,2,25,24,154,4.6,5.2,99,99,99,999,1016,24.4,25.9,999,99,99
2014,2,26,24,244,4.1,4.8,99,99,99,999,1013,23.6,25.7,999,99,99
2014,2,27,24,275,6.4,7.1,99,99,99,999,1011,24.5,25.3,999,99,99
2014,2,28,24,237,5,5.7,99,99,99,999,1014,20.9,25,999,99,99
2014,3,1,24,112,5.8,6.5,99,99,99,999,1019,21,24.6,999,99,99
2014,3,2,24,86,6.3,7.1,99,99,99,999,1020,23.1,25,999,99,99
2014,3,3,24,120,4,4.6,99,99,99,999,1018,23.8,24.9,999,99,99
2014,3,4,24,97,3.4,3.8,99,99,99,999,1017,23.2,24.9,999,99,99
2014,3,5,24,129,4.5,5,99,99,99,999,1016,24.3,25.2,999,99,99
2014,3,6,24,174,5.8,6.5,99,99,99,999,1014,24.4,25.3,999,99,99
2014,3,7,24,270,10.8,12.1,99,99,99,999,1012,23.4,24.5,999,99,99
2014,3,8,24,113,5.4,6.3,99,99,99,999,1018,18.3,24,999,99,99
2014,3,9,24,66,3.3,3.8,99,99,99,999,1020,20.9,24.4,999,99,99
2014,3,10,24,71,2.8,3.3,99,99,99,999,1019,22.4,24.4,999,99,99
2014,3,11,24,176,2,2.5,99,99,99,999,1015,23.3,24.4,999,99,99
2014,3,12,24,211,7.2,7.9,99,99,99,999,1012,24.5,24.5,999,99,99
2014,3,13,24,218,7,7.8,99,99,99,999,1014,22.5,24.2,999,99,99
2014,3,14,23,68,9.1,10.3,99,99,99,999,1021,20.8,23.8,999,99,99
2014,3,15,24,113,6.1,6.8,99,99,99,999,1020,22.5,23.9,999,99,99
2014,3,16,24,144,8.1,9,99,99,99,999,1015,23.8,24,999,99,99
2014,3,17,24,177,7.9,8.7,99,99,99,999,1010,24.7,24.1,999,99,99
2014,3,18,24,227,7.8,8.7,99,99,99,999,1011,24.2,24.1,999,99,99
2014,3,19,24,155,3.5,3.8,99,99,99,999,1017,23.1,24.1,999,99,99
2014,3,20,24,201,4.1,4.4,99,99,99,999,1017,24.1,24.3,999,99,99
2014,3,21,24,266,2.8,3.3,99,99,99,999,1017,21.6,24.3,999,99,99
2014,3,22,24,172,4.6,5.2,99,99,99,999,1017,24.4,24.5,999,99,99
2014,3,23,24,269,2.3,2.6,99,99,99,999,1017,24.8,24.7,999,99,99
2014,3,24,24,225,5,5.4,99,99,99,999,1016,24,24.6,999,99,99
2014,3,25,24,148,6.7,7.5,99,99,99,999,1013,23,24.7,999,99,99
2014,3,26,24,173,11.7,13.2,99,99,99,999,1019,18.8,23.5,999,99,99
2014,3,27,24,101,8.6,9.7,99,99,99,999,1023,21.4,23.5,999,99,99
2014,3,28,24,126,9.4,10.4,99,99,99,999,1020,23.6,23.6,999,99,99
2014,3,29,24,161,6.5,7.2,99,99,99,999,1017,24.8,23.8,999,99,99
2014,3,30,24,234,4.8,5.3,99,99,99,999,1016,23.4,23.9,999,99,99
2014,3,31,24,43,6.5,7.2,99,99,99,999,1018,21.3,24.1,999,99,99
2014,4,1,24,96,5.8,6.6,99,99,99,999,1020,22.9,25.5,999,99,99
2014,4,2,24,100,6,6.8,99,99,99,999,1021,22.9,25,999,99,99
2014,4,3,24,122,7.1,8.1,99,99,99,999,1020,23.4,25,999,99,99
2014,4,4,24,131,6.3,6.9,99,99,99,999,1017,24.3,25.3,999,99,99
2014,4,5,24,137,4.6,5.1,99,99,99,999,1017,24.6,25.3,999,99,99
2014,4,6,24,132,5.3,5.8,99,99,99,999,1016,24.7,25.3,999,99,99
2014,4,7,24,134,6.7,7.4,99,99,99,999,1014,25.2,25.1,999,99,99
2014,4,8,24,196,7,7.7,99,99,99,999,1012,25.6,25.2,999,99,99
2014,4,9,24,315,9.3,10.5,99,99,99,999,1015,22.5,24.5,999,99,99
2014,4,10,24,145,8.6,9.6,99,99,99,999,1021,21.8,24.4,999,99,99
2014,4,11,24,93,5.3,5.9,99,99,99,999,1022,23.6,24.6,999,99,99
2014,4,12,24,80,6.5,7.2,99,99,99,999,1020,24.2,24.6,999,99,99
2014,4,13,24,76,5,5.6,99,99,99,999,1017,24.3,24.8,999,99,99
2014,4,14,24,131,4.7,5.2,99,99,99,999,1015,25.4,25.3,999,99,99
2014,4,15,24,173,6.1,6.7,99,99,99,999,1013,25.7,26,999,99,99
2014,4,16,24,136,5.1,5.6,99,99,99,999,1015,24.9,25.4,999,99,99
2014,4,17,24,87,6.7,7.4,99,99,99,999,1018,25.5,25.7,999,99,99
2014,4,18,24,129,7.9,8.8,99,99,99,999,1017,25.6,25.9,999,99,99
2014,4,19,24,225,6.9,7.6,99,99,99,999,1014,26,26.2,999,99,99
2014,4,20,24,310,7,8,99,99,99,999,1016,22.6,25.6,999,99,99
2014,4,21,24,116,5,5.7,99,99,99,999,1016,22.6,25.6,999,99,99
2014,4,22,24,91,2.6,3,99,99,99,999,1014,23.5,25.8,999,99,99
2014,4,23,24,280,4.8,5.5,99,99,99,999,1013,23.1,26.1,999,99,99
2014,4,24,24,256,2.8,3.3,99,99,99,999,1015,23.5,26.1,999,99,99
2014,4,25,24,114,2.2,2.5,99,99,99,999,1015,25.3,26.3,999,99,99
2014,4,26,24,200,3.2,3.6,99,99,99,999,1015,25.3,26,999,99,99
2014,4,27,24,107,3.6,4.1,99,99,99,999,1016,26.1,26.4,999,99,99
2014,4,28,24,116,4.8,5.4,99,99,99,999,1014,26.5,26.6,999,99,99
2014,4,29,24,132,5.4,6,99,99,99,999,1014,26.4,26.8,999,99,99
2014,4,30,24,135,6,6.6,99,99,99,999,1016,26.9,26.7,999,99,99
2014,5,1,24,131,6.2,6.8,99,99,99,999,1016,26.8,26.6,999,99,99
2014,5,2,24,159,6.1,6.7,99,99,99,999,1014,26.7,26.8,999,99,99
2014,5,3,24,201,4.9,5.4,99,99,99,999,1014,26.4,26.8,999,99,99
2014,5,4,24,227,4.6,5.4,99,99,99,999,1016,24.9,26.9,999,99,99
2014,5,5,24,84,6.1,6.8,99,99,99,999,1017,24.8,26.8,999,99,99
2014,5,6,24,82,4.3,5.2,99,99,99,999,1016,25.4,26.8,999,99,99
2014,5,7,24,107,6.7,7.4,99,99,99,999,1017,26,26.8,999,99,99
2014,5,8,24,112,8.6,9.7,99,99,99,999,1020,26.3,26.9,999,99,99
2014,5,9,24,106,8.6,9.5,99,99,99,999,1020,26.2,27,999,99,99
2014,5,10,24,117,8.9,9.8,99,99,99,999,1019,26.3,26.9,999,99,99
2014,5,11,24,113,7.9,8.6,99,99,99,999,1019,26.2,26.9,999,99,99
2014,5,12,24,90,9,10,99,99,99,999,1018,26.1,26.8,999,99,99
2014,5,13,24,97,10.4,11.5,99,99,99,999,1015,26.4,27,999,99,99
2014,5,14,24,126,9.6,10.6,99,99,99,999,1016,25.8,27.3,999,99,99
2014,5,15,24,172,7.4,8,99,99,99,999,1015,26.7,27.4,999,99,99
2014,5,16,24,146,5.4,6.1,99,99,99,999,1016,24.9,27.2,999,99,99
2014,5,17,24,37,10.9,12.1,99,99,99,999,1017,24.2,26.8,999,99,99
2014,5,18,24,66,10.4,11.6,99,99,99,999,1018,25.2,26.7,999,99,99
2014,5,19,24,75,10,11.1,99,99,99,999,1018,25.3,26.9,999,99,99
2014,5,20,24,77,10.7,11.9,99,99,99,999,1019,25.3,27,999,99,99
2014,5,21,24,80,7.4,8.3,99,99,99,999,1020,25.2,26.9,999,99,99
2014,5,22,24,81,5.3,6.1,99,99,99,999,1020,25.3,26.9,999,99,99
2014,5,23,24,140,2.5,3,99,99,99,999,1019,25.3,26.9,999,99,99
2014,5,24,24,110,2,2.5,99,99,99,999,1018,26.1,26.8,999,99,99
2014,5,25,24,85,2.8,3.2,99,99,99,999,1018,26.6,27.2,999,99,99
2014,5,26,24,91,5.9,6.5,99,99,99,999,1019,26.7,27.4,999,99,99
2014,5,27,24,98,5.8,6.4,99,99,99,999,1019,26.7,27.4,999,99,99
2014,5,28,24,111,5.1,5.7,99,99,99,999,1017,26.5,27.2,999,99,99
2014,5,29,24,115,4.3,4.8,99,99,99,999,1016,26.3,27.1,999,99,99
2014,5,30,23,123,4.4,5,99,99,99,999,1016,26.7,27.2,999,99,99
2014,5,31,24,112,4.4,4.8,99,99,99,999,1016,26.9,27.3,999,99,99
2014,6,1,24,98,4.9,5.5,99,99,99,999,1016,27,27.6,999,99,99
2014,6,2,24,95,8,8.9,99,99,99,999,1016,26.9,27.5,999,99,99
2014,6,3,24,92,7.8,8.6,99,99,99,999,1016,26.3,27.2,999,99,99
2014,6,4,24,88,4.9,5.5,99,99,99,999,1014,26,27.3,999,99,99
2014,6,5,24,98,5.3,5.9,99,99,99,999,1013,26.4,27.4,999,99,99
2014,6,6,24,64,2.9,3.4,99,99,99,999,1014,26.8,27.6,999,99,99
2014,6,7,24,182,1.5,1.9,99,99,99,999,1015,27,27.6,999,99,99
2014,6,8,24,176,1.8,2.1,99,99,99,999,1015,27.5,27.7,999,99,99
2014,6,9,24,104,1.9,2.2,99,99,99,999,1015,27.4,27.8,999,99,99
2014,6,10,24,137,2.7,3.3,99,99,99,999,1016,27.4,28.2,999,99,99
2014,6,11,24,165,3,3.5,99,99,99,999,1016,27.4,28.1,999,99,99
2014,6,12,24,234,3.8,4.5,99,99,99,999,1016,26.8,27.9,999,99,99
2014,6,13,24,136,4.4,4.9,99,99,99,999,1017,27,27.8,999,99,99
2014,6,14,24,110,3.8,4.3,99,99,99,999,1017,27.7,28.1,999,99,99
2014,6,15,24,95,5.2,5.8,99,99,99,999,1018,27.8,28.2,999,99,99
2014,6,16,24,85,6.3,7,99,99,99,999,1019,27.8,28.3,999,99,99
2014,6,17,24,90,6.9,7.6,99,99,99,999,1019,26.5,28.2,999,99,99
2014,6,18,24,123,6,6.6,99,99,99,999,1018,26.6,28.1,999,99,99
2014,6,19,24,135,3.5,4,99,99,99,999,1019,26.6,28.3,999,99,99
2014,6,20,24,65,1.9,2.2,99,99,99,999,1018,27.1,28.3,999,99,99
2014,6,21,24,138,1.6,2.1,99,99,99,999,1017,27.3,28.4,999,99,99
2014,6,22,24,222,2.7,3.1,99,99,99,999,1016,27.7,28.5,999,99,99
2014,6,23,24,221,2.4,2.8,99,99,99,999,1017,28.1,28.6,999,99,99
2014,6,24,24,99,2.4,2.8,99,99,99,999,1020,28.1,28.6,999,99,99
2014,6,25,24,72,3,3.6,99,99,99,999,1020,28.5,28.6,999,99,99
2014,6,26,24,69,2.7,3.2,99,99,99,999,1018,28.5,29.1,999,99,99
2014,6,27,24,65,2.2,2.7,99,99,99,999,1018,28.4,29.2,999,99,99
2014,6,28,24,49,2.8,3.2,99,99,99,999,1020,28,29.3,999,99,99
2014,6,29,24,77,2.4,2.9,99,99,99,999,1020,28.1,29.6,999,99,99
2014,6,30,24,233,4.6,5.2,99,99,99,999,1016,27,29.3,999,99,99
2014,7,1,24,285,3.4,4,99,99,99,999,1014,27.7,29,999,99,99
2014,7,2,24,255,6.8,7.6,99,99,99,999,1014,28.8,29.1,999,99,99
2014,7,3,24,215,4.7,5.1,99,99,99,999,1018,28.9,29.2,999,99,99
2014,7,4,24,157,2.8,3.3,99,99,99,999,1020,29,29.2,999,99,99
2014,7,5,24,137,2.9,3.4,99,99,99,999,1019,28.5,29.6,999,99,99
2014,7,6,24,126,4,4.6,99,99,99,999,1018,28.1,29.5,999,99,99
2014,7,7,24,104,4.2,4.8,99,99,99,999,1018,28.2,29.5,999,99,99
2014,7,8,24,143,3.2,3.7,99,99,99,999,1019,28.3,29.4,999,99,99
2014,7,9,24,170,3.2,3.7,99,99,99,999,1020,28.3,29.5,999,99,99
2014,7,10,24,124,5.2,5.6,99,99,99,999,1019,28.1,29.4,999,99,99
2014,7,11,24,105,4.6,5.2,99,99,99,999,1019,28.7,29.7,999,99,99
2014,7,12,24,115,5.3,5.9,99,99,99,999,1019,28.4,29.8,999,99,99
2014,7,13,24,132,5.5,6.3,99,99,99,999,1018,27.8,29.8,999,99,99
2014,7,14,24,145,3.6,4.1,99,99,99,999,1018,28.7,29.8,999,99,99
2014,7,15,24,165,2.2,2.6,99,99,99,999,1017,28.4,29.7,999,99,99
2014,7,16,24,186,4,4.6,99,99,99,999,1016,28.6,29.8,999,99,99
2014,7,17,24,230,4.7,5.3,99,99,99,999,1016,29.2,29.8,999,99,99
2014,7,18,24,189,4,4.6,99,99,99,999,1017,28.5,29.9,999,99,99
2014,7,19,24,176,2.5,2.9,99,99,99,999,1017,29.3,29.9,999,99,99
2014,7,20,24,136,2.2,2.6,99,99,99,999,1017,29,30.1,999,99,99
2014,7,21,24,152,3.5,4.1,99,99,99,999,1017,28.5,30.2,999,99,99
2014,7,22,24,144,3.1,3.6,99,99,99,999,1017,28.3,30,999,99,99
2014,7,23,24,144,4.4,5.1,99,99,99,999,1018,29.1,30.2,999,99,99
2014,7,24,24,132,4,4.8,99,99,99,999,1017,29.2,30.1,999,99,99
2014,7,25,24,116,3.3,3.8,99,99,99,999,1018,29.2,30.1,999,99,99
2014,7,26,24,161,3.6,4.2,99,99,99,999,1019,29.4,30.2,999,99,99
2014,7,27,24,146,2.2,2.8,99,99,99,999,1019,29.2,30.4,999,99,99
2014,7,28,24,166,1.9,2.3,99,99,99,999,1018,29.4,30.5,999,99,99
2014,7,29,24,222,4.7,5.2,99,99,99,999,1016,29.4,30.4,999,99,99
2014,7,30,24,248,4.4,4.9,99,99,99,999,1016,29.7,30.3,999,99,99
2014,7,31,24,204,3.1,3.6,99,99,99,999,1015,29.1,30.5,999,99,99
2014,8,1,24,137,2.8,3.2,99,99,99,999,1015,29.2,30.7,999,99,99
2014,8,2,24,165,2.7,3.1,99,99,99,999,1014,29,30.7,999,99,99
2014,8,3,24,219,4.2,4.8,99,99,99,999,1013,27.4,30.6,999,99,99
2014,8,4,24,227,5.4,6.2,99,99,99,999,1015,27,30.2,999,99,99
2014,8,5,24,233,4.8,5.5,99,99,99,999,1018,28.3,30.2,999,99,99
2014,8,6,24,198,0.8,1.1,99,99,99,999,1018,29.2,30.6,999,99,99
2014,8,7,24,152,1.6,2,99,99,99,999,1016,29.3,31.1,999,99,99
2014,8,8,24,140,2.7,3.3,99,99,99,999,1016,29.1,30.9,999,99,99
2014,8,9,24,194,3.3,3.9,99,99,99,999,1018,29.3,30.8,999,99,99
2014,8,10,24,135,3,3.5,99,99,99,999,1018,29.5,30.7,999,99,99
2014,8,11,24,126,2.4,2.9,99,99,99,999,1017,29.4,30.6,999,99,99
2014,8,12,24,147,3.9,4.6,99,99,99,999,1017,29.4,30.6,999,99,99
2014,8,13,24,196,3.4,3.9,99,99,99,999,1017,29.4,30.7,999,99,99
2014,8,14,24,214,3.4,3.9,99,99,99,999,1017,29.6,31,999,99,99
2014,8,15,24,201,2.3,2.8,99,99,99,999,1017,29.8,31.3,999,99,99
2014,8,16,24,137,3.7,4.4,99,99,99,999,1018,29.7,31.3,999,99,99
2014,8,17,24,116,4.8,5.4,99,99,99,999,1019,29.9,31.1,999,99,99
2014,8,18,24,102,4.4,5,99,99,99,999,1017,29.6,30.9,999,99,99
2014,8,19,24,154,2.9,3.4,99,99,99,999,1016,29.3,31,999,99,99
2014,8,20,24,106,2,2.5,99,99,99,999,1017,29.6,31.1,999,99,99
2014,8,21,24,111,4.2,4.8,99,99,99,999,1019,29.6,31.1,999,99,99
2014,8,22,24,88,4.5,5.2,99,99,99,999,1018,29.5,31,999,99,99
2014,8,23,24,60,5,5.6,99,99,99,999,1014,29.5,30.8,999,99,99
2014,8,24,24,101,4.7,5.3,99,99,99,999,1010,29.4,30.9,999,99,99
2014,8,25,24,193,3.8,4.3,99,99,99,999,1008,29.2,31,999,99,99
2014,8,26,24,62,8.2,9.3,99,99,99,999,1009,28.9,30.8,999,99,99
2014,8,27,24,76,7,7.9,99,99,99,999,1013,29.3,30.8,999,99,99
2014,8,28,24,173,5.5,6.1,99,99,99,999,1015,28.9,30.9,999,99,99
2014,8,29,24,120,5.5,6.1,99,99,99,999,1016,29.6,30.9,999,99,99
2014,8,30,24,103,7.5,8.4,99,99,99,999,1018,29.6,30.7,999,99,99
2014,8,31,24,106,7.2,8.2,99,99,99,999,1018,29.5,30.6,999,99,99
2014,9,1,24,100,5.7,6.4,99,99,99,999,1018,29.2,30.6,999,99,99
2014,9,2,24,109,6.3,7,99,99,99,999,1017,28.8,30.5,999,99,99
2014,9,3,24,110,5.8,6.6,99,99,99,999,1016,27.7,30.4,999,99,99
2014,9,4,24,149,3.8,4.4,99,99,99,999,1017,28,30.5,999,99,99
2014,9,5,24,101,4.8,5.4,99,99,99,999,1018,29,30.7,999,99,99
2014,9,6,24,97,5.6,6.2,99,99,99,999,1016,29,30.4,999,99,99
2014,9,7,24,139,5.4,6,99,99,99,999,1015,28,30.1,999,99,99
2014,9,8,24,121,6.1,6.8,99,99,99,999,1016,28.6,30.1,999,99,99
2014,9,9,24,110,7.4,8.3,99,99,99,999,1016,28.3,30.1,999,99,99
2014,9,10,24,143,5.4,6.2,99,99,99,999,1015,26.9,29.9,999,99,99
2014,9,11,24,181,2.6,3.1,99,99,99,999,1015,28,30,999,99,99
2014,9,12,24,242,3.3,3.8,99,99,99,999,1015,26.5,29.9,999,99,99
2014,9,13,24,128,6.3,7.1,99,99,99,999,1016,27.4,29.8,999,99,99
2014,9,14,24,123,5.3,6.1,99,99,99,999,1019,27.4,29.7,999,99,99
2014,9,15,24,94,5.3,5.8,99,99,99,999,1020,28.6,29.7,999,99,99
2014,9,16,24,83,3.6,4.2,99,99,99,999,1018,28.4,29.8,999,99,99
2014,9,17,24,182,1.3,1.7,99,99,99,999,1015,27.9,29.8,999,99,99
2014,9,18,24,251,1.7,2.1,99,99,99,999,1013,27.4,29.7,999,99,99
2014,9,19,24,193,2.7,3.3,99,99,99,999,1014,28.1,29.6,999,99,99
2014,9,20,24,185,3.5,4,99,99,99,999,1013,28.3,29.7,999,99,99
2014,9,21,24,170,1.9,2.3,99,99,99,999,1015,27.9,29.8,999,99,99
2014,9,22,24,122,2.6,3.1,99,99,99,999,1016,28.1,29.9,999,99,99
2014,9,23,24,157,4.4,5,99,99,99,999,1015,26.5,29.5,999,99,99
2014,9,24,24,68,5.7,6.4,99,99,99,999,1016,26.7,29.1,999,99,99
2014,9,25,24,86,7.6,8.4,99,99,99,999,1016,27.5,29.1,999,99,99
2014,9,26,24,96,5.9,6.5,99,99,99,999,1014,28.3,29.3,999,99,99
2014,9,27,24,96,6.2,6.8,99,99,99,999,1014,28.6,29.4,999,99,99
2014,9,28,24,106,5.3,5.8,99,99,99,999,1014,28.4,29.5,999,99,99
2014,9,29,24,121,3.6,4,99,99,99,999,1012,28.5,29.5,999,99,99
2014,9,30,24,206,4.2,4.7,99,99,99,999,1011,28.5,29.7,999,99,99
2014,10,1,24,248,4.4,5,99,99,99,999,1013,28.9,29.7,999,99,99
2014,10,2,24,243,3,3.4,99,99,99,999,1016,28.6,29.9,999,99,99
2014,10,3,24,283,3.9,4.4,99,99,99,999,1016,28.9,29.8,999,99,99
2014,10,4,24,289,5.7,6.3,99,99,99,999,1014,28.7,29.8,999,99,99
2014,10,5,24,208,6.5,7.4,99,99,99,999,1013,26.1,29.5,999,99,99
2014,10,6,24,78,4.4,5.2,99,99,99,999,1016,26.8,29.3,999,99,99
2014,10,7,24,100,5.6,6.3,99,99,99,999,1017,27.3,29.3,999,99,99
2014,10,8,24,64,4.6,5.2,99,99,99,999,1018,28,29.4,999,99,99
2014,10,9,24,72,7.7,8.5,99,99,99,999,1016,28,29.3,999,99,99
2014,10,10,24,73,9,9.9,99,99,99,999,1015,28,29.3,999,99,99
2014,10,11,24,74,7.4,8.2,99,99,99,999,1015,27.9,28.9,999,99,99
2014,10,12,24,92,6.9,7.6,99,99,99,999,1016,27.9,28.4,999,99,99
2014,10,13,24,99,8.4,9.3,99,99,99,999,1017,27.8,28.5,999,99,99
2014,10,14,24,117,7.3,8,99,99,99,999,1015,27.9,28.5,999,99,99
2014,10,15,24,187,3.6,4.1,99,99,99,999,1014,28,28.6,999,99,99
2014,10,16,24,310,5,5.7,99,99,99,999,1013,26.3,28.5,999,99,99
2014,10,17,24,240,5.6,6.4,99,99,99,999,1014,24.4,28.4,999,99,99
2014,10,18,24,214,1.1,1.5,99,99,99,999,1014,25.7,28.7,999,99,99
2014,10,19,24,188,3,3.6,99,99,99,999,1015,25.7,29,999,99,99
2014,10,20,24,111,6.2,6.9,99,99,99,999,1015,27.2,28.8,999,99,99
2014,10,21,24,185,5.6,6.3,99,99,99,999,1014,26,28.5,999,99,99
2014,10,22,24,119,3,3.5,99,99,99,999,1014,26,28.3,999,99,99
2014,10,23,24,91,5.9,6.6,99,99,99,999,1012,25,28.3,999,99,99
2014,10,24,24,79,7.6,8.3,99,99,99,999,1010,24.8,28,999,99,99
2014,10,25,24,144,8.7,9.4,99,99,99,999,1011,24.5,27.3,999,99,99
2014,10,26,24,134,7.2,7.9,99,99,99,999,1014,24.2,27.1,999,99,99
2014,10,27,24,64,6.2,7.1,99,99,99,999,1016,25.6,27.3,999,99,99
2014,10,28,24,90,7.7,8.5,99,99,99,999,1018,26.2,27.4,999,99,99
2014,10,29,24,99,5.6,6.3,99,99,99,999,1018,26.5,27.2,999,99,99
2014,10,30,24,158,2.3,2.7,99,99,99,999,1014,25.7,27.4,999,99,99
2014,10,31,24,259,4.7,5.3,99,99,99,999,1011,25.6,27.5,999,99,99
2014,11,1,24,315,9,10.1,99,99,99,999,1014,22.4,27.1,999,99,99
2014,11,2,24,165,9.5,10.8,99,99,99,999,1021,16.1,26.3,999,99,99
2014,11,3,24,92,9.4,10.4,99,99,99,999,1023,19.4,25,999,99,99
2014,11,4,24,72,10.5,11.9,99,99,99,999,1022,24,25.7,999,99,99
2014,11,5,24,76,10.4,11.6,99,99,99,999,1019,24.9,25.7,999,99,99
2014,11,6,24,74,6.8,7.5,99,99,99,999,1018,25.5,25.2,999,99,99
2014,11,7,24,248,3,3.4,99,99,99,999,1015,23.6,26.2,999,99,99
2014,11,8,24,263,2.6,3.1,99,99,99,999,1013,23.5,26.3,999,99,99
2014,11,9,24,209,6.1,6.7,99,99,99,999,1011,24.9,26.3,999,99,99
2014,11,10,24,249,6,6.8,99,99,99,999,1012,20.9,26.1,999,99,99
2014,11,11,24,253,5.8,6.5,99,99,99,999,1013,21.5,26.1,999,99,99
2014,11,12,24,222,5.7,6.3,99,99,99,999,1015,22.2,26,999,99,99
2014,11,13,24,64,5.8,6.3,99,99,99,999,1015,23.9,25.9,999,99,99
2014,11,14,24,77,3.4,3.8,99,99,99,999,1016,24.4,25.8,999,99,99
2014,11,15,24,82,5.4,5.9,99,99,99,999,1019,22.9,26,999,99,99
2014,11,16,24,107,7.5,8.2,99,99,99,999,1020,25.3,25.8,999,99,99
2014,11,17,24,165,6.5,7.1,99,99,99,999,1016,26.3,26.2,999,99,99
2014,11,18,24,191,3.2,3.6,99,99,99,999,1017,24.8,26.1,999,99,99
2014,11,19,24,22,10.5,11.7,99,99,99,999,1020,17.6,25.4,999,99,99
2014,11,20,24,30,9.7,10.7,99,99,99,999,1019,21.7,25,999,99,99
2014,11,21,24,64,11.9,13.2,99,99,99,999,1019,24,24.2,999,99,99
2014,11,22,24,89,13,14.7,99,99,99,999,1019,25.1,25.4,999,99,99
2014,11,23,24,130,10,11.1,99,99,99,999,1016,26,25.6,999,99,99
2014,11,24,24,168,4.8,5.4,99,99,99,999,1015,26.6,25.8,999,99,99
2014,11,25,24,146,6.5,7.2,99,99,99,999,1016,26.5,26,999,99,99
2014,11,26,24,223,7.8,8.7,99,99,99,999,1016,24.9,25.7,999,99,99
2014,11,27,24,121,9.3,10.4,99,99,99,999,1022,18.2,24.9,999,99,99
2014,11,28,24,238,9.1,10.2,99,99,99,999,1021,17.9,24.6,999,99,99
2014,11,29,24,93,9.2,10.1,99,99,99,999,1021,18.5,23.8,999,99,99
2014,11,30,24,73,11,12.2,99,99,99,999,1022,23.2,24.4,999,99,99
2014,12,1,24,83,11.2,12.6,99,99,99,999,1022,24.2,24.6,999,99,99
2014,12,2,24,88,9.3,10.4,99,99,99,999,1019,24.7,24.5,999,99,99
2014,12,3,24,74,8.8,9.6,99,99,99,999,1018,24.6,24.3,999,99,99
2014,12,4,24,67,8.3,9.3,99,99,99,999,1018,24.6,24.5,999,99,99
2014,12,5,24,81,8.1,9.1,99,99,99,999,1020,24.9,24.5,999,99,99
2014,12,6,24,79,7.6,8.5,99,99,99,999,1020,24.5,24.5,999,99,99
2014,12,7,24,205,4.6,5.1,99,99,99,999,1018,23.1,24.6,999,99,99
2014,12,8,24,245,5.8,6.4,99,99,99,999,1017,21.3,24.8,999,99,99
2014,12,9,24,308,7.2,8.2,99,99,99,999,1016,19.1,24.2,999,99,99
2014,12,10,24,288,8,9.3,99,99,99,999,1018,15.3,23.4,999,99,99
2014,12,11,24,265,2.9,3.5,99,99,99,999,1021,17.1,23.6,999,99,99
2014,12,12,24,192,3.3,3.9,99,99,99,999,1022,17.9,24.4,999,99,99
2014,12,13,24,169,7.1,7.8,99,99,99,999,1019,17.8,23.9,999,99,99
2014,12,14,24,33,6.4,7,99,99,99,999,1017,19.4,24.3,999,99,99
2014,12,15,24,80,4.1,4.8,99,99,99,999,1018,20.9,25.2,999,99,99
2014,12,16,24,195,4.9,5.5,99,99,99,999,1020,21.1,24.7,999,99,99
2014,12,17,24,192,4,4.4,99,99,99,999,1021,21.1,25.2,999,99,99
2014,12,18,24,160,3.3,3.7,99,99,99,999,1020,21.6,25.1,999,99,99
2014,12,19,24,117,4.4,4.9,99,99,99,999,1018,21.7,24.7,999,99,99
2014,12,20,24,132,4.7,5.4,99,99,99,999,1018,23.4,24.4,999,99,99
2014,12,21,24,127,4.6,5.1,99,99,99,999,1018,24,24.5,999,99,99
2014,12,22,24,154,5.2,5.8,99,99,99,999,1390,24.5,24.6,999,99,99
2014,12,23,24,151,7.1,8,99,99,99,999,1014,25.1,25.2,999,99,99
2014,12,24,24,158,8.6,9.5,99,99,99,999,1014,25.4,25.5,999,99,99
2014,12,25,24,128,8.2,9,99,99,99,999,1018,23.3,25.4,999,99,99
2014,12,26,24,90,6,6.7,99,99,99,999,1020,23.7,25.1,999,99,99
2014,12,27,24,88,5.1,5.6,99,99,99,999,1021,24.7,25.5,999,99,99
2014,12,28,24,115,5.2,6,99,99,99,999,1020,24.7,25.6,999,99,99
2014,12,29,24,130,4.5,5.1,99,99,99,999,1020,25.1,25.6,999,99,99
2014,12,30,24,101,2.9,3.2,99,99,99,999,1020,24.6,25.5,999,99,99
2014,12,31,24,92,3.6,4.1,99,99,99,999,1021,24.7,25.5,999,99,99
