Date,PRCP,Snow,Tmax,Tmin,WDIR,WSPD,GST,WVHT,DPD,APD,MWD,PRES,ATMP,WTMP,DEWP,VIS,TIDE,Year,Day_of_Week,Win,Lost,DN,Attendance,GameBehind
2012-4-13,0,0,65,41,252,3.2,3.8,99,99,99,999,1018,24.7,25.8,999,99,99,2012,Friday,2,5,D,37032,3
2012-4-14,0,0,71,49,112,8,9,99,99,99,999,1020,24.3,25.9,999,99,99,2012,Saturday,3,5,D,38024,2
2012-4-15,0,0,77,54,112,10,11.1,99,99,99,999,1022,23.8,25.7,999,99,99,2012,Sunday,4,5,D,38024,1
2012-4-16,0,0,87,59,111,10,11,99,99,99,999,1021,24.3,25.5,999,99,99,2012,Monday,4,6,D,38108,2
2012-4-17,0,0,84,57,105,9.2,10.3,99,99,99,999,1020,24.2,25.4,999,99,99,2012,Tuesday,4,7,N,38229,3
2012-4-18,0,0,62,49,125,7.2,8.1,99,99,99,999,1018,24.3,25.5,999,99,99,2012,Wednesday,4,8,N,37967,4
2012-4-20,0,0,77,49,169,4.8,5.2,99,99,99,999,1013,25.2,25.8,999,99,99,2012,Friday,4,9,D,36770,5
2012-4-21,0.01,0,78,54,111,7.5,8.4,99,99,99,999,1011,23,25.6,999,99,99,2012,Saturday,4,10,D,37839,6
2012-4-30,0,0,54,41,94,12.2,13.6,99,99,99,999,1015,23.7,24.7,999,99,99,2012,Monday,11,11,N,37359,0
2012-5-1,0.6,0,50,45,111,11.1,12.5,99,99,99,999,1016,24.7,24.7,999,99,99,2012,Tuesday,11,12,N,37225,1
2012-5-2,0,0,52,45,109,9.9,10.9,99,99,99,999,1017,25.1,25.2,999,99,99,2012,Wednesday,11,13,N,37434,2
2012-5-4,0.01,0,56,49,104,6.9,7.7,99,99,99,999,1018,24.9,25.5,999,99,99,2012,Friday,11,14,N,37223,3
2012-5-5,0.09,0,58,46,117,4.9,5.5,99,99,99,999,1016,24.9,25.6,999,99,99,2012,Saturday,11,15,D,37581,4
2012-5-6,0,0,54,46,144,3.6,4.2,99,99,99,999,1015,25.4,25.8,999,99,99,2012,Sunday,11,16,D,37394,5
2012-5-10,0.85,0,67,50,252,5.9,6.5,99,99,99,999,1011,26.3,26.1,999,99,99,2012,Thursday,12,19,N,37348,7
2012-5-11,0,0,64,47,241,3.8,4.2,99,99,99,999,1014,26.2,26,999,99,99,2012,Friday,13,19,N,37438,6
2012-5-12,0,0,80,50,70,5.9,6.6,99,99,99,999,1019,26.4,26.4,999,99,99,2012,Saturday,14,19,N,38048,5
2012-5-13,0,0,80,59,96,7.9,8.8,99,99,99,999,1019,26.1,26.6,999,99,99,2012,Sunday,15,19,D,37611,4
2012-5-14,0.09,0,64,53,107,4.4,5,99,99,99,999,1016,26.1,26.8,999,99,99,2012,Monday,16,19,N,37334,3
2012-5-15,0.5,0,73,56,168,3.8,4.4,99,99,99,999,1016,26.5,26.8,999,99,99,2012,Tuesday,17,19,D,37292,2
2012-5-25,0,0,74,58,42,2.9,3.3,99,99,99,999,1014,26.2,27,999,99,99,2012,Friday,22,23,N,37594,1
2012-5-26,0,0,86,66,86,3.5,3.8,99,99,99,999,1016,26.7,27.4,999,99,99,2012,Saturday,23,23,N,38099,0
2012-5-27,0,0,72,64,223,2.2,2.7,99,99,99,999,1015,26.9,27.6,999,99,99,2012,Sunday,23,24,D,37844,1
2012-5-28,0,0,69,60,221,3.4,4,99,99,99,999,1015,27.3,28.2,999,99,99,2012,Monday,24,24,D,37921,0
2012-5-29,0.17,0,67,59,177,3.6,4.2,99,99,99,999,1015,27.5,27.9,999,99,99,2012,Tuesday,25,24,N,37216,-1
2012-5-30,0,0,75,61,217,3.7,4.2,99,99,99,999,1014,27.6,28.3,999,99,99,2012,Wednesday,26,24,N,37195,-2
2012-5-31,0,0,83,63,209,4.8,5.3,99,99,99,999,1014,26.9,28.6,999,99,99,2012,Thursday,26,25,N,37629,-1
2012-6-5,0.13,0,56,50,248,4.5,4.9,99,99,99,999,1013,28,28.1,999,99,99,2012,Tuesday,28,27,N,37181,-1
2012-6-6,0,0,61,52,213,3.5,4,99,99,99,999,1014,28,28.2,999,99,99,2012,Wednesday,28,28,N,37243,0
2012-6-7,0.04,0,65,54,162,3.2,3.6,99,99,99,999,1015,28,27.9,999,99,99,2012,Thursday,29,28,N,37307,-1
2012-6-8,0.31,0,79,54,201,3.1,3.5,99,99,99,999,1015,27.9,27.7,999,99,99,2012,Friday,29,29,N,37309,0
2012-6-9,0,0,79,59,117,3.9,4.3,99,99,99,999,1015,27.4,27.8,999,99,99,2012,Saturday,29,30,D,37534,1
2012-6-10,0,0,76,59,103,5,5.5,99,99,99,999,1017,28.4,28.3,999,99,99,2012,Sunday,29,31,D,37467,2
2012-6-19,0,0,76,56,85,10.6,11.7,99,99,99,999,1015,27.2,28.2,999,99,99,2012,Tuesday,34,33,N,37701,-1
2012-6-20,0,0,97,66,140,8.9,9.8,99,99,99,999,1014,26.1,27.9,999,99,99,2012,Wednesday,35,33,N,37362,-2
2012-6-21,0,0,96,80,139,6.9,7.8,99,99,99,999,1014,26.6,28,999,99,99,2012,Thursday,36,33,N,37261,-3
2012-6-22,0.02,0,95,74,204,6.2,6.9,99,99,99,999,1012,26.5,28,999,99,99,2012,Friday,36,34,N,37281,-2
2012-6-23,1.19,0,81,65,141,6.8,7.6,99,99,99,999,1014,27.1,27.9,999,99,99,2012,Saturday,37,34,N,37782,-3
2012-6-24,0,0,84,64,171,8.5,9.3,99,99,99,999,1014,27.8,27.9,999,99,99,2012,Sunday,38,34,D,37565,-4
2012-6-25,0.93,0,73,61,196,10.4,11.5,99,99,99,999,1012,28.1,27.9,999,99,99,2012,Monday,38,35,N,37208,-3
2012-6-26,0.06,0,73,61,207,10.8,12,99,99,99,999,1009,28,27.8,999,99,99,2012,Tuesday,39,35,N,37755,-4
2012-6-27,0,0,77,61,229,10.6,11.7,99,99,99,999,1012,27.9,27.9,999,99,99,2012,Wednesday,40,35,D,37744,-5
2012-7-6,0,0,80,68,89,3.7,4.3,99,99,99,999,1017,28.2,29,999,99,99,2012,Friday,42,41,N,38066,-1
2012-7-7,0,0,86,73,91,4.6,5.1,99,99,99,999,1018,28.1,29,999,99,99,2012,Saturday,42,42,D,38170,0
2012-7-7,0,0,86,73,91,4.6,5.1,99,99,99,999,1018,28.1,29,999,99,99,2012,Saturday,43,42,N,37791,-1
2012-7-8,0,0,89,71,100,3.4,4.1,99,99,99,999,1018,27.9,28.8,999,99,99,2012,Sunday,43,43,N,38270,0
2012-7-16,0,0,88,72,133,3.4,4.1,99,99,99,999,1018,26.9,28.9,999,99,99,2012,Monday,46,44,N,38334,-2
2012-7-17,0,0,97,76,143,3,3.5,99,99,99,999,1017,27.3,29.1,999,99,99,2012,Tuesday,46,45,N,37771,-1
2012-7-18,1.74,0,89,70,158,4.1,4.6,99,99,99,999,1019,28.2,29,999,99,99,2012,Wednesday,47,45,N,37367,-2
2012-7-19,0.06,0,74,66,100,4.7,5.4,99,99,99,999,1021,28.5,29.1,999,99,99,2012,Thursday,48,45,N,38413,-3
2012-7-20,0,0,71,64,96,6.4,7,99,99,99,999,1019,28.6,29.2,999,99,99,2012,Friday,48,46,N,38093,-2
2012-7-21,0,0,74,61,88,6.3,7,99,99,99,999,1018,28.7,29.3,999,99,99,2012,Saturday,48,47,N,38170,-1
2012-7-22,0,0,84,61,96,5.9,6.6,99,99,99,999,1018,27.3,29.1,999,99,99,2012,Sunday,48,48,D,37737,0
2012-7-30,0,0,81,63,156,2.3,2.9,99,99,99,999,1017,28.7,29.5,999,99,99,2012,Monday,52,51,N,37784,-1
2012-7-31,0.48,0,73,63,152,1.7,2.1,99,99,99,999,1017,28.9,29.6,999,99,99,2012,Tuesday,53,51,N,37275,-2
2012-8-1,0.8,0,78,68,129,1.6,2,99,99,99,999,1017,29.1,29.7,999,99,99,2012,Wednesday,53,52,N,37213,-1
2012-8-2,0,0,86,68,90,1.5,2.1,99,99,99,999,1016,29.1,29.9,999,99,99,2012,Thursday,53,53,N,37191,0
2012-8-3,0,0,92,72,82,3.3,3.9,99,99,99,999,1015,28.9,30,999,99,99,2012,Friday,53,54,N,37285,1
2012-8-4,0,0,82,74,118,3.6,4.2,99,99,99,999,1016,28.4,30,999,99,99,2012,Saturday,53,55,N,37914,2
2012-8-5,0.08,0,88,72,122,5.7,6.3,99,99,99,999,1017,29,30,999,99,99,2012,Sunday,54,55,D,37019,1
2012-8-6,0,0,85,71,127,5.5,6.2,99,99,99,999,1017,27.6,29.8,999,99,99,2012,Monday,55,55,N,37316,0
2012-8-7,0,0,77,67,113,5.9,6.6,99,99,99,999,1016,29.1,29.6,999,99,99,2012,Tuesday,55,56,N,38416,1
2012-8-8,0,0,83,66,96,4.8,5.5,99,99,99,999,1016,29,29.4,999,99,99,2012,Wednesday,55,57,D,37716,2
2012-8-21,0,0,83,66,207,3.1,3.6,99,99,99,999,1017,29,30,999,99,99,2012,Tuesday,59,64,N,37794,5
2012-8-22,0,0,78,66,133,3.6,4,99,99,99,999,1018,29,29.7,999,99,99,2012,Wednesday,59,65,N,37373,6
2012-8-23,0,0,87,66,71,4.3,5,99,99,99,999,1018,29.3,29.9,999,99,99,2012,Thursday,59,66,N,37829,7
2012-8-24,0,0,78,68,62,8.5,9.3,99,99,99,999,1015,28.6,29.5,999,99,99,2012,Friday,60,66,N,37228,6
2012-8-25,0,0,77,66,108,10.4,11.8,99,99,99,999,1013,27,29.2,999,99,99,2012,Saturday,60,67,N,37103,7
2012-8-26,0,0,76,64,88,15.5,17.5,99,99,99,999,1006,28.1,29.1,999,99,99,2012,Sunday,61,67,D,37188,6
2012-8-27,0,0,85,62,173,16.1,18.2,99,99,99,999,1008,28.1,28.9,999,99,99,2012,Monday,62,67,D,37506,5
2012-9-7,0.43,0,82,68,166,1.6,2.2,99,99,99,999,1016,28.5,29.1,999,99,99,2012,Friday,63,76,N,37156,13
2012-9-8,0.71,0,82,67,195,2.2,2.8,99,99,99,999,1015,28.5,29.5,999,99,99,2012,Saturday,63,77,N,37107,14
2012-9-9,0,0,75,62,249,4.5,5.1,99,99,99,999,1015,28.5,29.2,999,99,99,2012,Sunday,63,78,D,37226,15
2012-9-11,0,0,73,53,221,2.3,2.7,99,99,99,999,1017,28.4,29.3,999,99,99,2012,Tuesday,64,78,N,37437,14
2012-9-12,0,0,73,53,74,8.3,9.2,99,99,99,999,1016,28.6,29.4,999,99,99,2012,Wednesday,64,79,N,37230,15
2012-9-13,0,0,82,60,88,8.5,9.5,99,99,99,999,1015,27.9,29.1,999,99,99,2012,Thursday,64,80,N,38134,16
2012-9-21,0,0,63,51,72,7.4,8.3,99,99,99,999,1015,26.8,28.7,999,99,99,2012,Friday,68,84,N,37731,16
2012-9-22,0,0,67,56,157,4.8,5.6,99,99,99,999,1015,27.3,28.7,999,99,99,2012,Saturday,68,85,D,37570,17
2012-9-23,0.02,0,71,56,103,2.9,3.4,99,99,99,999,1017,27.2,28.9,999,99,99,2012,Sunday,69,85,D,37310,16
2012-9-25,0,0,73,49,63,5.3,5.9,99,99,99,999,1017,27.8,28.7,999,99,99,2012,Tuesday,69,86,N,37045,17
2012-9-26,0,0,74,59,76,4.5,5,99,99,99,999,1018,28.2,28.8,999,99,99,2012,Wednesday,69,87,N,37247,18
2013-4-8,0,0,63,46,96,6.6,7.3,99,99,99,999,1019,23.5,23.4,999,99,99,2013,Monday,5,2,D,37008,-3
2013-4-10,0.19,0,54,45,108,8.2,9.1,99,99,99,999,1018,24.9,24.5,999,99,99,2013,Wednesday,5,3,N,30862,-2
2013-4-11,0.04,0,49,42,126,9.2,10.3,99,99,99,999,1015,25.2,25.1,999,99,99,2013,Thursday,5,4,N,27704,-1
2013-4-13,0.02,0,51,36,172,4.7,5.2,99,99,99,999,1014,25.9,25.7,999,99,99,2013,Saturday,6,4,D,33039,-2
2013-4-14,0,0,55,42,148,4.7,5.1,99,99,99,999,1014,26,25.7,999,99,99,2013,Sunday,7,4,D,35198,-3
2013-4-15,0,0,49,38,148,4.4,5,99,99,99,999,1015,26.4,25.7,999,99,99,2013,Monday,8,4,D,37449,-4
2013-4-20,0.38,0,65,44,197,6.3,6.8,99,99,99,999,1016,26.4,26.5,999,99,99,2013,Saturday,12,4,D,35152,-8
2013-4-21,0,0,50,37,161,2.8,3.2,99,99,99,999,1018,25.4,26.4,999,99,99,2013,Sunday,12,5,D,31483,-7
2013-4-21,0,0,50,37,161,2.8,3.2,99,99,99,999,1018,25.4,26.4,999,99,99,2013,Sunday,12,6,N,33270,-6
2013-4-22,0,0,49,36,129,3.2,3.9,99,99,99,999,1016,24.8,26.5,999,99,99,2013,Monday,13,6,N,28926,-7
2013-4-23,0.13,0,43,41,34,7.1,7.8,99,99,99,999,1016,24.6,26.6,999,99,99,2013,Tuesday,13,7,N,29006,-6
2013-4-24,0,0,69,43,79,8.3,9.2,99,99,99,999,1018,24.9,26.4,999,99,99,2013,Wednesday,14,7,D,29274,-7
2013-4-25,0.03,0,66,48,73,6.7,7.6,99,99,99,999,1020,24.8,26.4,999,99,99,2013,Thursday,15,7,N,30093,-8
2013-4-26,0,0,52,44,71,7.1,8,99,99,99,999,1022,24.2,26.4,999,99,99,2013,Friday,16,7,N,29312,-9
2013-4-27,0,0,56,42,76,8.2,9.2,99,99,99,999,1021,24.4,26.3,999,99,99,2013,Saturday,17,7,N,34726,-10
2013-4-28,0,0,63,44,96,9.3,10.3,99,99,99,999,1018,24.9,26.2,999,99,99,2013,Sunday,18,7,D,36527,-11
2013-5-6,0,0,55,43,212,6.5,7.2,99,99,99,999,1015,22.6,25.8,999,99,99,2013,Monday,21,11,N,31088,-10
2013-5-7,0,0,72,47,254,4.4,5.1,99,99,99,999,1017,23.7,25.8,999,99,99,2013,Tuesday,21,12,N,30549,-9
2013-5-8,0.37,0,66,53,198,2,2.5,99,99,99,999,1019,23.6,25.9,999,99,99,2013,Wednesday,21,13,N,29969,-8
2013-5-9,0.61,0,63,53,67,3.6,4,99,99,99,999,1020,24.9,26.1,999,99,99,2013,Thursday,21,14,N,31571,-7
2013-5-10,0.06,0,69,56,125,3.5,4,99,99,99,999,1019,26.4,26.5,999,99,99,2013,Friday,22,14,N,33606,-8
2013-5-11,0.02,0,72,59,151,5.2,5.7,99,99,99,999,1018,26.6,26.6,999,99,99,2013,Saturday,22,15,D,36543,-7
2013-5-12,0.04,0,73,51,168,3.9,4.5,99,99,99,999,1017,26.5,26.3,999,99,99,2013,Sunday,22,16,D,35532,-6
2013-5-23,0.05,0,77,53,239,5,5.5,99,99,99,999,1015,27.1,26.6,999,99,99,2013,Thursday,28,20,N,35254,-8
2013-5-24,0.57,0,70,51,261,3.5,3.9,99,99,99,999,1017,27.2,26.5,999,99,99,2013,Friday,29,20,N,34074,-9
2013-5-25,0.34,0,54,42,85,4.8,5.3,99,99,99,999,1019,26.7,26.9,999,99,99,2013,Saturday,30,20,D,36504,-10
2013-5-26,0.05,0,60,41,70,7.7,8.5,99,99,99,999,1020,26.3,26.9,999,99,99,2013,Sunday,31,20,D,37046,-11
2013-5-27,0,0,73,47,88,10.1,11.2,99,99,99,999,1019,26.1,26.8,999,99,99,2013,Monday,32,20,N,33627,-12
2013-5-28,0,0,64,51,123,8.2,12.9,99,99,99,999,1018,25.2,29.6,999,99,99,2013,Tuesday,32,21,N,33463,-11
2013-6-4,0,0,73,55,97,4.1,4.5,99,99,99,999,1016,26.4,26.5,999,99,99,2013,Tuesday,36,23,N,32035,-13
2013-6-5,0,0,72,57,109,7.5,8.2,99,99,99,999,1015,27.2,26.4,999,99,99,2013,Wednesday,36,24,N,33296,-12
2013-6-6,0.02,0,69,57,166,8.8,9.8,99,99,99,999,1012,27.3,26.5,999,99,99,2013,Thursday,37,24,N,35352,-13
2013-6-8,0.54,0,79,55,151,4.4,5.2,99,99,99,999,1017,26.7,26.7,999,99,99,2013,Saturday,37,25,D,34499,-12
2013-6-8,0.54,0,79,55,151,4.4,5.2,99,99,99,999,1017,26.7,26.7,999,99,99,2013,Saturday,38,25,N,36518,-13
2013-6-9,0,0,80,61,118,7,7.8,99,99,99,999,1018,27.5,26.9,999,99,99,2013,Sunday,39,25,D,37054,-14
2013-6-18,0.63,0,71,59,129,5.2,5.8,99,99,99,999,1018,28.3,28.1,999,99,99,2013,Tuesday,43,29,D,33430,-14
2013-6-18,0.63,0,71,59,129,5.2,5.8,99,99,99,999,1018,28.3,28.1,999,99,99,2013,Tuesday,44,29,N,32156,-15
2013-6-19,0,0,71,58,151,4.6,5.3,99,99,99,999,1017,28.3,28.2,999,99,99,2013,Wednesday,44,30,N,35710,-14
2013-6-25,0,0,92,69,108,6.7,7.5,99,99,99,999,1019,27.8,28.7,999,99,99,2013,Tuesday,46,33,N,36286,-13
2013-6-26,0.04,0,84,64,121,6.5,7.1,99,99,99,999,1018,27.9,28.7,999,99,99,2013,Wednesday,47,33,D,34632,-14
2013-6-27,0.03,0,66,61,118,3.3,3.7,99,99,99,999,1017,27.9,28.6,999,99,99,2013,Thursday,48,33,N,34750,-15
2013-6-28,0.45,0,81,62,132,2.6,3,99,99,99,999,1015,28.1,28.7,999,99,99,2013,Friday,49,33,N,36383,-16
2013-6-29,0.07,0,83,70,190,4.8,5.4,99,99,99,999,1013,27.9,28.9,999,99,99,2013,Saturday,49,34,D,37437,-15
2013-6-30,0.11,0,84,69,203,8.7,9.6,99,99,99,999,1013,27.9,28.5,999,99,99,2013,Sunday,50,34,D,37425,-16
2013-7-2,0,0,82,61,151,4.9,5.6,99,99,99,999,1017,27.8,27.8,999,99,99,2013,Tuesday,51,34,N,36498,-17
2013-7-3,0,0,91,62,146,7.2,8,99,99,99,999,1019,27.4,27.6,999,99,99,2013,Wednesday,52,34,N,36911,-18
2013-7-4,0,0,94,75,124,8.4,9.3,99,99,99,999,1019,28,27.5,999,99,99,2013,Thursday,53,34,D,37607,-19
2013-7-19,0,0,99,78,101,6.6,7.3,99,99,99,999,1019,27.6,28.3,999,99,99,2013,Friday,59,39,N,38130,-20
2013-7-20,0,0,96,79,140,5.8,6.3,99,99,99,999,1019,28.1,28.3,999,99,99,2013,Saturday,59,40,D,37601,-19
2013-7-21,0.01,0,79,68,143,4.9,5.5,99,99,99,999,1019,28.1,28.3,999,99,99,2013,Sunday,60,40,N,38138,-20
2013-7-22,0,0,76,68,108,4.3,4.8,99,99,99,999,1020,28,28.6,999,99,99,2013,Monday,60,41,N,35016,-19
2013-7-23,1.76,0,82,68,139,3.4,3.8,99,99,99,999,1019,28.1,28.7,999,99,99,2013,Tuesday,61,41,N,34609,-20
2013-7-24,0,0,88,66,214,2.7,3.1,99,99,99,999,1016,28,28.8,999,99,99,2013,Wednesday,61,42,N,36514,-19
2013-7-29,0.33,0,81,66,102,3.9,4.5,99,99,99,999,1019,28.7,29.5,999,99,99,2013,Monday,63,44,N,37242,-19
2013-7-30,0,0,84,66,101,5.9,6.6,99,99,99,999,1020,28.7,29.7,999,99,99,2013,Tuesday,64,44,N,34578,-20
2013-7-31,0,0,79,68,98,7,7.7,99,99,99,999,1018,28.9,29.6,999,99,99,2013,Wednesday,65,44,N,35059,-21
2013-8-1,0,0,82,66,91,6.5,7.3,99,99,99,999,1016,28.4,29.6,999,99,99,2013,Thursday,66,44,N,35886,-22
2013-8-2,0.13,0,85,66,202,2.1,2.5,99,99,99,999,1016,28,29.4,999,99,99,2013,Friday,66,45,N,37652,-21
2013-8-3,0,0,80,68,179,3.7,4.2,99,99,99,999,1019,28.8,29.5,999,99,99,2013,Saturday,67,45,N,37941,-22
2013-8-4,0,0,82,65,121,1.5,2,99,99,99,999,1019,29,29.5,999,99,99,2013,Sunday,68,45,D,37611,-23
2013-8-16,0,0,80,62,118,4.8,5.3,99,99,99,999,1017,28.8,29.5,999,99,99,2013,Friday,72,52,N,38143,-20
2013-8-17,0,0,74,64,107,5.7,6.3,99,99,99,999,1017,28.8,29.5,999,99,99,2013,Saturday,73,52,D,37517,-21
2013-8-18,0,0,78,63,109,7.5,8.2,99,99,99,999,1017,28.8,29.4,999,99,99,2013,Sunday,73,53,N,37917,-20
2013-8-27,0.01,0,76,65,91,4.8,5.6,99,99,99,999,1017,26.7,29,999,99,99,2013,Tuesday,78,55,N,36226,-23
2013-8-28,0,0,73,61,114,5.2,6,99,99,99,999,1016,25.9,28.7,999,99,99,2013,Wednesday,79,55,N,31962,-24
2013-8-29,0,0,67,62,155,2.1,2.5,99,99,99,999,1016,27.8,28.7,999,99,99,2013,Thursday,79,56,N,33300,-23
2013-8-30,0,0,84,63,172,2,2.4,99,99,99,999,1015,27.8,28.9,999,99,99,2013,Friday,80,56,N,36063,-24
2013-8-31,0,0,82,69,148,2.6,3.2,99,99,99,999,1015,27.8,29.1,999,99,99,2013,Saturday,81,56,N,37363,-25
2013-9-1,0.38,0,79,70,143,3,3.6,99,99,99,999,1015,28.6,29.3,999,99,99,2013,Sunday,82,56,D,37053,-26
2013-9-2,0.38,0,81,69,150,2.2,2.7,99,99,99,999,1016,28.5,29.5,999,99,99,2013,Monday,82,57,D,36188,-25
2013-9-3,0,0,81,67,105,2.8,3.3,99,99,99,999,1015,28.7,29.4,999,99,99,2013,Tuesday,83,57,N,32071,-26
2013-9-4,0,0,82,63,96,5.5,6,99,99,99,999,1016,28.8,29.5,999,99,99,2013,Wednesday,84,57,N,33720,-27
2013-9-13,0.39,0,76,61,143,1.7,2.2,99,99,99,999,1012,28.3,29.5,999,99,99,2013,Friday,90,59,N,37542,-31
2013-9-14,0,0,68,57,108,3.6,4.1,99,99,99,999,1012,28.6,29.6,999,99,99,2013,Saturday,91,59,D,37510,-32
2013-9-15,0,0,73,54,109,6.4,7.1,99,99,99,999,1015,28.6,29.6,999,99,99,2013,Sunday,92,59,N,37137,-33
2013-9-17,0,0,60,44,92,5.9,6.5,99,99,99,999,1015,27.5,28.9,999,99,99,2013,Tuesday,92,60,N,35030,-32
2013-9-18,0,0,75,51,106,4,4.4,99,99,99,999,1015,27.8,28.9,999,99,99,2013,Wednesday,92,61,N,38540,-31
2013-9-19,0,0,71,54,60,4.3,4.8,99,99,99,999,1015,27.7,28.9,999,99,99,2013,Thursday,93,61,N,36436,-32
2013-9-20,0,0,71,55,80,5.9,6.7,99,99,99,999,1015,27.3,29,999,99,99,2013,Friday,94,61,N,37215,-33
2013-9-21,0,0,77,57,104,3.5,3.9,99,99,99,999,1012,27.8,29,999,99,99,2013,Saturday,94,62,N,37569,-32
2013-9-22,0.37,0,73,55,189,3.8,4.3,99,99,99,999,1010,28,29.1,999,99,99,2013,Sunday,95,62,D,37020,-33
2014-4-4,0.26,0,44,37,131,6.3,6.9,99,99,99,999,1017,24.3,25.3,999,99,99,2014,Friday,2,2,D,36728,0
2014-4-5,0.23,0,54,38,137,4.6,5.1,99,99,99,999,1017,24.6,25.3,999,99,99,2014,Saturday,2,3,N,35729,1
2014-4-6,0,0,59,35,132,5.3,5.8,99,99,99,999,1016,24.7,25.3,999,99,99,2014,Sunday,2,4,D,35958,2
2014-4-7,0.04,0,59,38,134,6.7,7.4,99,99,99,999,1014,25.2,25.1,999,99,99,2014,Monday,3,4,N,35842,1
2014-4-8,0.67,0,65,43,196,7,7.7,99,99,99,999,1012,25.6,25.2,999,99,99,2014,Tuesday,3,5,N,34142,2
2014-4-9,0,0,59,41,315,9.3,10.5,99,99,99,999,1015,22.5,24.5,999,99,99,2014,Wednesday,4,5,D,33585,1
2014-4-18,0,0,42,31,129,7.9,8.8,99,99,99,999,1017,25.6,25.9,999,99,99,2014,Friday,7,10,N,36408,3
2014-4-19,0,0,63,37,225,6.9,7.6,99,99,99,999,1014,26,26.2,999,99,99,2014,Saturday,8,10,D,37689,2
2014-4-20,0,0,48,39,310,7,8,99,99,99,999,1016,22.6,25.6,999,99,99,2014,Sunday,9,10,N,33947,1
2014-4-21,0,0,69,36,116,5,5.7,99,99,99,999,1016,22.6,25.6,999,99,99,2014,Monday,9,11,D,37513,2
2014-4-22,0.05,0,73,47,91,2.6,3,99,99,99,999,1014,23.5,25.8,999,99,99,2014,Tuesday,9,12,N,37041,3
2014-4-23,0.23,0,57,46,280,4.8,5.5,99,99,99,999,1013,23.1,26.1,999,99,99,2014,Wednesday,10,12,N,37015,2
2014-4-24,0,0,59,42,256,2.8,3.3,99,99,99,999,1015,23.5,26.1,999,99,99,2014,Thursday,10,13,N,37356,3
2014-4-29,0,0,44,42,132,5.4,6,99,99,99,999,1014,26.4,26.8,999,99,99,2014,Tuesday,13,14,N,34794,1
2014-5-1,0.62,0,60,44,131,6.2,6.8,99,99,99,999,1016,26.8,26.6,999,99,99,2014,Thursday,13,15,D,35621,2
2014-5-1,0.62,0,60,44,131,6.2,6.8,99,99,99,999,1016,26.8,26.6,999,99,99,2014,Thursday,13,16,N,33465,3
2014-5-2,0.01,0,69,50,159,6.1,6.7,99,99,99,999,1014,26.7,26.8,999,99,99,2014,Friday,14,16,N,34850,2
2014-5-3,0,0,67,50,201,4.9,5.4,99,99,99,999,1014,26.4,26.8,999,99,99,2014,Saturday,15,16,D,37042,1
2014-5-4,0,0,62,50,227,4.6,5.4,99,99,99,999,1016,24.9,26.9,999,99,99,2014,Sunday,15,17,D,35649,2
2014-5-6,0,0,64,47,82,4.3,5.2,99,99,99,999,1016,25.4,26.8,999,99,99,2014,Tuesday,16,17,N,36004,1
2014-5-7,0,0,69,47,107,6.7,7.4,99,99,99,999,1017,26,26.8,999,99,99,2014,Wednesday,17,17,N,37072,0
2014-5-16,0.06,0,73,59,146,5.4,6.1,99,99,99,999,1016,24.9,27.2,999,99,99,2014,Friday,20,21,N,37225,1
2014-5-17,0.65,0,75,58,37,10.9,12.1,99,99,99,999,1017,24.2,26.8,999,99,99,2014,Saturday,20,22,N,37608,2
2014-5-18,0,0,63,52,66,10.4,11.6,99,99,99,999,1018,25.2,26.7,999,99,99,2014,Sunday,20,23,N,35006,3
2014-5-20,0,0,69,53,77,10.7,11.9,99,99,99,999,1019,25.3,27,999,99,99,2014,Tuesday,20,24,N,37904,4
2014-5-21,0,0,65,52,80,7.4,8.3,99,99,99,999,1020,25.2,26.9,999,99,99,2014,Wednesday,20,25,N,36116,5
2014-5-22,0.25,0,59,51,81,5.3,6.1,99,99,99,999,1020,25.3,26.9,999,99,99,2014,Thursday,20,26,D,36018,6
2014-5-28,0.08,0,50,44,111,5.1,5.7,99,99,99,999,1017,26.5,27.2,999,99,99,2014,Wednesday,23,29,N,36189,6
2014-5-29,0,0,58,43,115,4.3,4.8,99,99,99,999,1016,26.3,27.1,999,99,99,2014,Thursday,24,29,N,36292,5
2014-5-30,0.11,0,66,48,123,4.4,5,99,99,99,999,1016,26.7,27.2,999,99,99,2014,Friday,25,29,N,35820,4
2014-5-31,0,0,60,52,112,4.4,4.8,99,99,99,999,1016,26.9,27.3,999,99,99,2014,Saturday,26,29,N,37076,3
2014-6-1,0,0,66,51,98,4.9,5.5,99,99,99,999,1016,27,27.6,999,99,99,2014,Sunday,27,29,D,37688,2
2014-6-12,0,0,66,59,234,3.8,4.5,99,99,99,999,1016,26.8,27.9,999,99,99,2014,Thursday,30,36,N,37750,6
2014-6-13,0.54,0,64,59,136,4.4,4.9,99,99,99,999,1017,27,27.8,999,99,99,2014,Friday,31,36,N,35772,5
2014-6-14,0.01,0,77,58,110,3.8,4.3,99,99,99,999,1017,27.7,28.1,999,99,99,2014,Saturday,31,37,D,37181,6
2014-6-15,0,0,80,58,95,5.2,5.8,99,99,99,999,1018,27.8,28.2,999,99,99,2014,Sunday,31,38,D,37356,7
2014-6-16,0,0,73,62,85,6.3,7,99,99,99,999,1019,27.8,28.3,999,99,99,2014,Monday,32,38,N,35693,6
2014-6-17,0.02,0,84,62,90,6.9,7.6,99,99,99,999,1019,26.5,28.2,999,99,99,2014,Tuesday,33,38,N,36835,5
2014-6-18,0,0,87,68,123,6,6.6,99,99,99,999,1018,26.6,28.1,999,99,99,2014,Wednesday,34,38,D,36489,4
2014-6-30,0,0,89,64,233,4.6,5.2,99,99,99,999,1016,27,29.3,999,99,99,2014,Monday,38,45,N,37814,7
2014-7-1,0,0,89,69,285,3.4,4,99,99,99,999,1014,27.7,29,999,99,99,2014,Tuesday,38,46,N,36748,8
2014-7-2,0,0,91,73,255,6.8,7.6,99,99,99,999,1014,28.8,29.1,999,99,99,2014,Wednesday,38,47,N,37055,9
2014-7-5,0.35,0,80,59,137,2.9,3.4,99,99,99,999,1019,28.5,29.6,999,99,99,2014,Saturday,39,47,D,35714,8
2014-7-5,0.35,0,80,59,137,2.9,3.4,99,99,99,999,1019,28.5,29.6,999,99,99,2014,Saturday,39,48,N,36468,9
2014-7-6,0,0,85,66,126,4,4.6,99,99,99,999,1018,28.1,29.5,999,99,99,2014,Sunday,39,49,D,35811,10
2014-7-7,0.08,0,88,69,104,4.2,4.8,99,99,99,999,1018,28.2,29.5,999,99,99,2014,Monday,39,50,N,35114,11
2014-7-8,0,0,92,73,143,3.2,3.7,99,99,99,999,1019,28.3,29.4,999,99,99,2014,Tuesday,39,51,N,35345,12
2014-7-9,0,0,88,73,170,3.2,3.7,99,99,99,999,1020,28.3,29.5,999,99,99,2014,Wednesday,40,51,N,36218,11
2014-7-10,0,0,82,66,124,5.2,5.6,99,99,99,999,1019,28.1,29.4,999,99,99,2014,Thursday,41,51,D,37547,10
2014-7-18,0,0,76,65,189,4,4.6,99,99,99,999,1017,28.5,29.9,999,99,99,2014,Friday,44,52,N,37743,8
2014-7-19,0,0,72,63,176,2.5,2.9,99,99,99,999,1017,29.3,29.9,999,99,99,2014,Saturday,45,52,N,37878,7
2014-7-20,0,0,72,61,136,2.2,2.6,99,99,99,999,1017,29,30.1,999,99,99,2014,Sunday,46,52,D,37439,6
2014-7-28,0.11,0,84,65,166,1.9,2.3,99,99,99,999,1018,29.4,30.5,999,99,99,2014,Monday,48,58,N,37974,10
2014-7-29,0,0,79,64,222,4.7,5.2,99,99,99,999,1016,29.4,30.4,999,99,99,2014,Tuesday,48,59,N,38275,11
2014-7-30,0,0,78,63,248,4.4,4.9,99,99,99,999,1016,29.7,30.3,999,99,99,2014,Wednesday,48,60,N,38203,12
2014-8-1,0,0,82,65,137,2.8,3.2,99,99,99,999,1015,29.2,30.7,999,99,99,2014,Friday,49,60,N,37782,11
2014-8-2,0.03,0,72,62,165,2.7,3.1,99,99,99,999,1014,29,30.7,999,99,99,2014,Saturday,49,61,D,37302,12
2014-8-3,0,0,70,62,219,4.2,4.8,99,99,99,999,1013,27.4,30.6,999,99,99,2014,Sunday,49,62,N,38035,13
2014-8-14,0,0,77,62,214,3.4,3.9,99,99,99,999,1017,29.6,31,999,99,99,2014,Thursday,55,65,N,38065,10
2014-8-15,0,0,75,60,201,2.3,2.8,99,99,99,999,1017,29.8,31.3,999,99,99,2014,Friday,55,66,N,37016,11
2014-8-16,0,0,78,61,137,3.7,4.4,99,99,99,999,1018,29.7,31.3,999,99,99,2014,Saturday,56,66,N,37652,10
2014-8-17,0,0,81,64,116,4.8,5.4,99,99,99,999,1019,29.9,31.1,999,99,99,2014,Sunday,56,67,D,36717,11
2014-8-18,0,0,79,62,102,4.4,5,99,99,99,999,1017,29.6,30.9,999,99,99,2014,Monday,56,68,N,35170,12
2014-8-19,0,0,74,59,154,2.9,3.4,99,99,99,999,1016,29.3,31,999,99,99,2014,Tuesday,56,69,N,35471,13
2014-8-20,0,0,74,59,106,2,2.5,99,99,99,999,1017,29.6,31.1,999,99,99,2014,Wednesday,56,70,N,35136,14
2014-8-21,0,0,72,60,111,4.2,4.8,99,99,99,999,1019,29.6,31.1,999,99,99,2014,Thursday,56,71,N,36160,15
2014-8-22,0.08,0,72,63,88,4.5,5.2,99,99,99,999,1018,29.5,31,999,99,99,2014,Friday,56,72,N,36433,16
2014-8-23,0,0,72,61,60,5,5.6,99,99,99,999,1014,29.5,30.8,999,99,99,2014,Saturday,56,73,D,36905,17
2014-8-24,0,0,75,63,101,4.7,5.3,99,99,99,999,1010,29.4,30.9,999,99,99,2014,Sunday,56,74,D,37022,18
2014-9-5,0,0,91,67,101,4.8,5.4,99,99,99,999,1018,29,30.7,999,99,99,2014,Friday,62,79,N,35667,17
2014-9-6,0.22,0,92,69,97,5.6,6.2,99,99,99,999,1016,29,30.4,999,99,99,2014,Saturday,63,79,N,36677,16
2014-9-7,0.15,0,76,63,139,5.4,6,99,99,99,999,1015,28,30.1,999,99,99,2014,Sunday,63,80,D,36261,17
2014-9-8,0,0,71,59,121,6.1,6.8,99,99,99,999,1016,28.6,30.1,999,99,99,2014,Monday,63,81,N,35894,18
2014-9-9,0,0,69,61,110,7.4,8.3,99,99,99,999,1016,28.3,30.1,999,99,99,2014,Tuesday,63,82,N,37008,19
2014-9-10,0,0,70,60,143,5.4,6.2,99,99,99,999,1015,26.9,29.9,999,99,99,2014,Wednesday,63,83,D,35374,20
2014-9-23,0,0,72,50,157,4.4,5,99,99,99,999,1015,26.5,29.5,999,99,99,2014,Tuesday,68,89,N,35566,21
2014-9-24,0,0,66,54,68,5.7,6.4,99,99,99,999,1016,26.7,29.1,999,99,99,2014,Wednesday,69,89,N,35741,20
2014-9-25,0,0,62,53,86,7.6,8.4,99,99,99,999,1016,27.5,29.1,999,99,99,2014,Thursday,70,89,N,36590,19
2014-9-26,0,0,69,54,96,5.9,6.5,99,99,99,999,1014,28.3,29.3,999,99,99,2014,Friday,70,90,N,37605,20
2014-9-27,0,0,81,60,96,6.2,6.8,99,99,99,999,1014,28.6,29.4,999,99,99,2014,Saturday,71,90,D,37147,19
2014-9-28,0,0,87,60,106,5.3,5.8,99,99,99,999,1014,28.4,29.5,999,99,99,2014,Sunday,71,91,D,36879,20
2015-4-13,0,0,69,41,122,6.8,7.6,99,99,99,999,1019,25.9,26,999,99,99,2015,Monday,5,2,D,37203,-3
2015-4-14,0.01,0,65,52,117,5.9,6.5,99,99,99,999,1020,25.8,25.9,999,99,99,2015,Tuesday,6,2,N,35258,-4
2015-4-15,0,0,67,50,133,5.4,5.9,99,99,99,999,1018,26.1,26,999,99,99,2015,Wednesday,6,3,D,33493,-3
2015-4-17,0.06,0,65,47,159,5,5.6,99,99,99,999,1017,26.2,26.3,999,99,99,2015,Friday,7,3,N,34341,-4
2015-4-18,0,0,60,43,158,3.2,3.7,99,99,99,999,1016,26.2,26.4,999,99,99,2015,Saturday,7,4,D,37655,-3
2015-4-19,0,0,50,41,172,3.8,4.4,99,99,99,999,1015,26.2,26.4,999,99,99,2015,Sunday,7,5,D,37761,-2
2015-4-20,0.61,0,51,41,190,4.8,5.3,99,99,99,999,1013,26.6,26.7,999,99,99,2015,Monday,8,5,D,36829,-3
2015-4-27,0.1,0,57,45,256,3.7,4.1,99,99,99,999,1010,28.2,27.5,999,99,99,2015,Monday,11,9,N,34739,-2
2015-4-28,0.07,0,64,42,223,4.6,5.1,99,99,99,999,1009,27.8,27.6,999,99,99,2015,Tuesday,11,10,N,33920,-1
2015-4-29,0,0,54,48,144,6.1,6.9,99,99,99,999,1007,24.8,26.8,999,99,99,2015,Wednesday,12,10,N,34220,-2
2015-5-1,0,0,49,39,314,7.1,7.9,99,99,99,999,1012,23.7,25.9,999,99,99,2015,Friday,12,11,N,35444,-1
2015-5-2,0,0,50,39,138,7.3,8,99,99,99,999,1014,23.9,25.9,999,99,99,2015,Saturday,12,12,D,36611,0
2015-5-3,0,0,67,45,74,9.5,10.6,99,99,99,999,1017,24.3,26.1,999,99,99,2015,Sunday,12,13,N,33198,1
2015-5-4,0,0,84,49,75,10.8,12.1,99,99,99,999,1019,24.4,26,999,99,99,2015,Monday,12,14,N,34541,2
2015-5-5,0.02,0,70,54,77,7,7.7,99,99,99,999,1018,24.1,25.9,999,99,99,2015,Tuesday,13,14,N,33688,1
2015-5-6,0,0,73,52,218,3.5,4,99,99,99,999,1017,23.7,25.9,999,99,99,2015,Wednesday,13,15,N,35060,2
2015-5-19,0.27,0,65,52,68,6.2,6.9,99,99,99,999,1018,26.3,27.8,999,99,99,2015,Tuesday,19,20,N,36580,1
2015-5-20,0,0,66,51,117,3.3,3.8,99,99,99,999,1016,26.6,27.8,999,99,99,2015,Wednesday,19,21,N,35726,2
2015-5-21,0,0,67,45,215,3.5,3.9,99,99,99,999,1016,27.1,27.8,999,99,99,2015,Thursday,19,22,N,34945,3
2015-5-22,0,0,76,52,221,2.3,2.6,99,99,99,999,1018,27.5,27.8,999,99,99,2015,Friday,19,23,N,36150,4
2015-5-23,0,0,65,44,74,4.6,5.1,99,99,99,999,1021,27.3,28.2,999,99,99,2015,Saturday,20,23,N,37735,3
2015-5-24,0,0,83,51,92,8.3,9.1,99,99,99,999,1020,27.3,28.4,999,99,99,2015,Sunday,21,23,D,37742,2
2015-6-2,0.74,0,49,46,110,4.1,4.5,99,99,99,999,1016,27,27.6,999,99,99,2015,Tuesday,23,29,N,32622,6
2015-6-3,0,0,56,47,148,3.5,4,99,99,99,999,1013,25,27.4,999,99,99,2015,Wednesday,24,29,D,31704,5
2015-6-3,0,0,56,47,148,3.5,4,99,99,99,999,1013,25,27.4,999,99,99,2015,Wednesday,24,30,N,33291,6
2015-6-4,0,0,58,49,150,3.2,3.7,99,99,99,999,1014,26.3,27.6,999,99,99,2015,Thursday,24,31,D,33615,7
2015-6-5,0,0,59,50,119,3.6,4,99,99,99,999,1014,26.8,27.7,999,99,99,2015,Friday,25,31,N,34910,6
2015-6-6,0.09,0,67,52,167,4.5,5,99,99,99,999,1013,26.1,27.6,999,99,99,2015,Saturday,26,31,D,36713,5
2015-6-7,0,0,67,53,121,2.9,3.4,99,99,99,999,1015,26.3,27.8,999,99,99,2015,Sunday,27,31,D,36913,4
2015-6-12,0,0,79,65,102,7.3,8,99,99,99,999,1018,28.1,28.2,999,99,99,2015,Friday,27,35,N,37575,8
2015-6-13,0,0,85,64,101,8.5,9.4,99,99,99,999,1018,27.9,28.2,999,99,99,2015,Saturday,27,36,D,37158,9
2015-6-14,0,0,74,62,103,8.4,9.3,99,99,99,999,1017,27.8,28.2,999,99,99,2015,Sunday,27,37,D,36296,10
2015-6-15,0.4,0,63,54,103,6.1,6.8,99,99,99,999,1018,27.5,28.2,999,99,99,2015,Monday,27,38,N,34439,11
2015-6-16,0,0,71,56,91,5.3,5.9,99,99,99,999,1019,27.8,28.4,999,99,99,2015,Tuesday,28,38,D,35662,10
2015-6-23,0.01,0,88,60,112,5.1,5.6,99,99,99,999,1020,28.3,29.2,999,99,99,2015,Tuesday,31,41,N,36508,10
2015-6-24,0,0,84,67,106,5.1,5.6,99,99,99,999,1020,28.5,29.3,999,99,99,2015,Wednesday,32,41,N,37762,9
2015-6-25,0,0,81,64,103,7.7,8.2,99,99,99,999,1394,31.3,32.1,999,99,99,2015,Thursday,32,42,D,37706,10
2015-7-3,0,0,76,63,96,5.1,5.6,99,99,99,999,1018,28.7,29.7,999,99,99,2015,Friday,37,45,N,37837,8
2015-7-4,0,0,72,62,114,5.7,6.3,99,99,99,999,1019,28.7,29.7,999,99,99,2015,Saturday,38,45,D,36703,7
2015-7-5,0,0,83,61,117,5.5,6,99,99,99,999,1020,28.9,30,999,99,99,2015,Sunday,39,45,D,36481,6
2015-7-7,0.02,0,84,65,99,4.4,5,99,99,99,999,1020,28.7,29.9,999,99,99,2015,Tuesday,40,45,N,36863,5
2015-7-8,0,0,88,69,103,5.7,6.3,99,99,99,999,1020,28.8,29.9,999,99,99,2015,Wednesday,41,45,N,37009,4
2015-7-10,1.12,0,77,60,97,6.5,7.2,99,99,99,999,1019,28.6,30,999,99,99,2015,Friday,41,46,N,37984,5
2015-7-11,0,0,83,68,85,5.6,6.2,99,99,99,999,1019,28.6,29.7,999,99,99,2015,Saturday,42,46,N,38047,4
2015-7-12,0,0,89,72,92,3,3.6,99,99,99,999,1018,28.4,29.8,999,99,99,2015,Sunday,42,47,D,37283,5
2015-7-24,0.01,0,81,66,246,4.8,5.4,99,99,99,999,1017,29.3,30.8,999,99,99,2015,Friday,43,54,N,37650,11
2015-7-25,0,0,69,62,284,4.6,5.2,99,99,99,999,1015,28.2,30.7,999,99,99,2015,Saturday,43,55,D,37256,12
2015-7-26,0,0,79,63,239,6.6,7.3,99,99,99,999,1014,28.5,30.5,999,99,99,2015,Sunday,44,55,N,35582,11
2015-7-27,0.06,0,86,68,214,5.1,5.8,99,99,99,999,1016,29.2,30.5,999,99,99,2015,Monday,44,56,N,37401,12
2015-7-28,0,0,86,70,217,2.6,3,99,99,99,999,1016,29.5,30.7,999,99,99,2015,Tuesday,44,57,N,38063,13
2015-7-29,0,0,92,71,197,2.1,2.5,99,99,99,999,1016,29.7,30.6,999,99,99,2015,Wednesday,44,58,N,37104,14
2015-7-30,0.02,0,91,74,237,2.9,3.4,99,99,99,999,1017,29.5,30.6,999,99,99,2015,Thursday,45,58,N,36215,13
2015-7-31,0,0,89,73,200,3.9,4.4,99,99,99,999,1017,29.8,30.7,999,99,99,2015,Friday,46,58,N,36715,12
2015-8-1,0,0,90,68,170,4.7,5.3,99,99,99,999,1016,29.2,30.7,999,99,99,2015,Saturday,47,58,D,35944,11
2015-8-2,0,0,88,68,167,4.3,4.9,99,99,99,999,1015,29.4,30.4,999,99,99,2015,Sunday,47,59,D,35699,12
2015-8-14,0,0,86,63,121,3.2,3.7,99,99,99,999,1016,29.1,30.9,999,99,99,2015,Friday,51,64,N,37678,13
2015-8-15,0.08,0,91,68,108,3.7,4.3,99,99,99,999,1017,28,30.5,999,99,99,2015,Saturday,52,64,D,36027,12
2015-8-16,0,0,90,67,101,5.4,6,99,99,99,999,1017,29.1,30.6,999,99,99,2015,Sunday,52,65,D,35260,13
2015-8-17,0,0,91,71,94,5.1,5.7,99,99,99,999,1018,29.4,30.8,999,99,99,2015,Monday,52,66,N,32701,14
2015-8-18,0.14,0,87,71,110,5.3,6,99,99,99,999,1016,28.9,30.5,999,99,99,2015,Tuesday,53,66,N,31907,13
2015-8-19,0,0,88,71,141,5.7,6.4,99,99,99,999,1016,29.5,30.4,999,99,99,2015,Wednesday,54,66,N,32465,12
2015-8-20,0,0,78,68,122,4,4.5,99,99,99,999,1016,29.5,30.7,999,99,99,2015,Thursday,55,66,N,35458,11
2015-8-21,0.63,0,83,67,133,3.2,3.7,99,99,99,999,1016,29.5,30.7,999,99,99,2015,Friday,56,66,N,35203,10
2015-8-22,0,0,73,67,118,1.7,2.1,99,99,99,999,1015,29.4,30.8,999,99,99,2015,Saturday,56,67,N,37135,11
2015-8-23,0.02,0,71,67,124,2.9,3.4,99,99,99,999,1014,29.3,31.1,999,99,99,2015,Sunday,56,68,D,36151,12
2015-8-31,0,0,90,71,159,5.4,6.2,99,99,99,999,1017,28.8,30.5,999,99,99,2015,Monday,61,70,N,36148,9
2015-9-1,0,0,79,69,139,3.2,3.8,99,99,99,999,1018,29.3,30.5,999,99,99,2015,Tuesday,61,71,N,35077,10
2015-9-2,0,0,91,66,118,3.4,3.8,99,99,99,999,1017,29.5,30.5,999,99,99,2015,Wednesday,61,72,D,34416,11
2015-9-4,0,0,72,62,203,1.7,2.1,99,99,99,999,1015,29.3,30.8,999,99,99,2015,Friday,62,72,N,33674,10
2015-9-5,0,0,73,58,125,1.7,2.1,99,99,99,999,1015,29.2,30.9,999,99,99,2015,Saturday,63,72,D,36534,9
2015-9-6,0,0,82,61,97,2.8,3.4,99,99,99,999,1014,28.8,30.8,999,99,99,2015,Sunday,64,72,D,34708,8
2015-9-7,0,0,93,66,146,3.4,3.8,99,99,99,999,1014,29,30.8,999,99,99,2015,Monday,65,72,D,33659,7
2015-9-8,0.2,0,96,72,151,3.6,4.2,99,99,99,999,1015,29.7,30.9,999,99,99,2015,Tuesday,65,73,N,33432,8
2015-9-9,0,0,93,72,113,3.7,4.2,99,99,99,999,1016,29.7,31,999,99,99,2015,Wednesday,66,73,N,34464,7
2015-9-21,0,0,66,53,213,1.4,1.8,99,99,99,999,1012,28.6,30.5,999,99,99,2015,Monday,72,77,N,33673,5
2015-9-22,0,0,68,56,77,2.3,2.9,99,99,99,999,1012,28.7,30.7,999,99,99,2015,Tuesday,72,78,N,33673,6
2015-9-23,0,0,68,54,95,4.9,5.6,99,99,99,999,1013,27,30.4,999,99,99,2015,Wednesday,72,79,N,32753,7
2015-9-24,0,0,74,58,85,3.8,4.4,99,99,99,999,1012,27.5,30.2,999,99,99,2015,Thursday,72,80,N,34916,8
2015-9-25,0,0,66,55,125,3.9,4.5,99,99,99,999,1013,28.5,30.1,999,99,99,2015,Friday,73,80,N,32411,7
2015-9-26,0,0,63,50,112,3.7,4.4,99,99,99,999,1013,28.6,30.2,999,99,99,2015,Saturday,74,80,D,36316,6
2015-9-27,0,0,64,48,110,4.1,4.6,99,99,99,999,1013,28.5,30.2,999,99,99,2015,Sunday,75,80,D,33306,5
2016-4-11,0.01,0,60,42,89,8.3,9.2,99,99,99,999,1021,64.5,25.1,999,99,99,2016,Monday,3,3,D,37160,0
2016-4-12,0.22,0,60,43,98,5.1,5.7,99,99,99,999,1020,24.2,25.2,999,99,99,2016,Tuesday,3,4,N,31114,1
2016-4-13,0,0,50,38,101,3.9,4.5,99,99,99,999,1018,70.9,71.7,999,99,99,2016,Wednesday,4,4,N,31011,0
2016-4-15,0,0,54,38,238,14.6,25.4,99,99,99,999,3011,133.6,187.8,999,99,99,2016,Friday,5,4,N,31415,-1
2016-4-16,0,0,54,41,82,5.7,10.9,99,99,99,999,1488,24.6,76.7,999,99,99,2016,Saturday,6,4,D,36267,-2
2016-4-17,0,0,54,39,67,14.2,23.6,99,99,99,999,1874,70.4,164.5,999,99,99,2016,Sunday,6,5,D,37217,-1
2016-4-18,0,0,67,42,58,9.3,10.5,99,99,99,999,1020,23.4,25.1,999,99,99,2016,Monday,6,6,D,37168,0
2016-4-19,0.02,0,54,44,70,8.2,9.2,99,99,99,999,1019,23.7,25.3,999,99,99,2016,Tuesday,6,7,N,32061,1
2016-4-20,0,0,51,44,88,6.4,11.2,99,99,99,999,1018,23.8,24.9,999,99,99,2016,Wednesday,7,7,N,31689,0
2016-4-21,0,0,77,43,183,17.1,14,99,99,99,999,1017,112.8,69.5,999,99,99,2016,Thursday,7,8,D,37954,1
2016-4-27,0,0,62,37,149,13.7,39.7,99,99,99,999,3873,157.9,380,999,99,99,2016,Wednesday,12,9,N,33380,-3
2016-4-28,0,0,54,41,164,9.8,19.8,99,99,99,999,1913,123.1,123.6,999,99,99,2016,Thursday,12,10,N,32232,-2
2016-4-29,0,0,51,43,110,3.9,30.3,99,99,99,999,2649,114.4,203.4,999,99,99,2016,Friday,13,10,N,37115,-3
2016-4-30,0,0,55,41,104,6.8,26.8,99,99,99,999,2433,25.1,231.7,999,99,99,2016,Saturday,14,10,N,37901,-4
2016-5-1,0.1,0,53,43,167,12.5,13.3,99,99,99,999,2139,147.6,148.7,999,99,99,2016,Sunday,15,10,N,34279,-5
2016-5-9,0,0,66,46,102,6.4,11,99,99,99,999,1019,24.9,66.3,999,99,99,2016,Monday,19,13,N,35227,-6
2016-5-10,0,0,71,47,151,11.8,8.7,99,99,99,999,1020,25.6,25.9,999,99,99,2016,Tuesday,20,13,N,32167,-7
2016-5-11,0,0,68,54,145,10.9,7.3,99,99,99,999,1020,25.8,26.1,999,99,99,2016,Wednesday,21,13,N,33283,-8
2016-5-12,0,0,66,54,72,4.9,5.3,99,99,99,999,1019,25.8,26.1,999,99,99,2016,Thursday,22,13,N,34982,-9
2016-5-13,0.11,0,74,52,94,3.6,9.3,99,99,99,999,1517,25.8,134.6,999,99,99,2016,Friday,22,14,N,33148,-8
2016-5-14,0,0,77,59,199,7,2.6,99,99,99,999,1016,26.5,72.8,999,99,99,2016,Saturday,23,14,D,37430,-9
2016-5-15,0,0,61,45,207,8.9,25.2,99,99,99,999,2015,134.4,242.6,999,99,99,2016,Sunday,24,14,D,35736,-10
2016-5-20,0,0,71,51,122,3.6,9.4,99,99,99,999,1517,81.8,80.9,999,99,99,2016,Friday,25,17,N,37354,-8
2016-5-21,0,0,76,53,132,3,33.3,99,99,99,999,2702,27.7,270.6,999,99,99,2016,Saturday,26,17,D,37254,-9
2016-5-22,0,0,62,52,336,9.2,21.5,99,99,99,999,2071,84.8,142,999,99,99,2016,Sunday,27,17,D,36021,-10
2016-5-24,0.26,0,59,52,74,2.8,39,99,99,99,999,3263,391.8,270.6,999,99,99,2016,Tuesday,28,17,N,36123,-11
2016-5-25,0,0,88,53,81,8.8,22.5,99,99,99,999,2303,96.7,167,999,99,99,2016,Wednesday,29,17,N,36430,-12
2016-5-26,0,0,79,58,64,6.5,27.1,99,99,99,999,2943,95.8,236.1,999,99,99,2016,Thursday,29,18,N,36162,-11
2016-6-3,0,0,70,57,108,4,17.8,99,99,99,999,2300,167,167.2,999,99,99,2016,Friday,32,23,N,37129,-9
2016-6-4,0,0,70,61,107,6.3,22.2,99,99,99,999,1764,109.3,190.6,999,99,99,2016,Saturday,33,23,D,37762,-10
2016-6-5,0.91,0,68,60,143,18.1,18.7,99,99,99,999,2136,150,150.2,999,99,99,2016,Sunday,33,24,D,35823,-9
2016-6-14,0,0,79,55,126,1.1,17.8,99,99,99,999,2514,28.6,190.5,999,99,99,2016,Tuesday,36,27,N,38009,-9
2016-6-15,0,0,85,66,185,4.1,41.4,99,99,99,999,6406,416.9,611.1,999,99,99,2016,Wednesday,37,27,N,36233,-10
2016-6-16,0,0,77,61,241,99,99,99,99,99,999,9999,999,999,999,99,99,2016,Thursday,37,28,N,36757,-9
2016-6-17,0.12,0,74,59,167,6.8,7.3,99,99,99,999,1016,351.7,28.2,999,99,99,2016,Friday,37,29,N,35896,-8
2016-6-18,0,0,72,60,538,51.2,4.2,99,99,99,999,1016,27.6,28,999,99,99,2016,Saturday,38,29,D,37195,-9
2016-6-19,0,0,82,57,149,4.8,37,99,99,99,999,4012,351.7,352.3,999,99,99,2016,Sunday,39,29,D,37211,-10
2016-6-20,0,0,83,60,63,9.7,35.9,99,99,99,999,3585,166.8,305.9,999,99,99,2016,Monday,39,30,N,36291,-9
2016-6-21,0.02,0,87,64,42,5.3,35.3,99,99,99,999,4011,351.2,351.8,999,99,99,2016,Tuesday,39,31,N,36544,-8
2016-6-22,0,0,78,64,111,4.8,5.3,99,99,99,999,1019,28.3,28.6,999,99,99,2016,Wednesday,39,32,N,37413,-7
2016-6-23,0,0,77,60,123,4.1,4.6,99,99,99,999,1019,28.2,28.7,999,99,99,2016,Thursday,40,32,D,37790,-8
2016-7-1,0.2,0,86,68,94,51.2,99,99,99,99,999,7754,514,999,999,99,99,2016,Friday,43,36,N,37117,-7
2016-7-2,0,0,80,65,122,4.3,99,99,99,99,999,4012,190.2,514.6,999,99,99,2016,Saturday,43,37,N,36552,-6
2016-7-5,0.23,0,76,64,80,4,66.6,99,99,99,999,4013,352.2,352.8,999,99,99,2016,Tuesday,45,38,N,35964,-7
2016-7-6,0,0,94,71,467,23.6,42.9,99,99,99,999,2816,29.5,417.7,999,99,99,2016,Wednesday,46,38,N,37175,-8
2016-7-9,0.11,0,65,59,124,52.2,52.4,99,99,99,999,5508,514.2,515,999,99,99,2016,Saturday,48,38,D,36900,-10
2016-7-10,0.09,0,64,59,124,4.3,5,99,99,99,999,1019,29.1,30.5,999,99,99,2016,Sunday,49,38,D,36669,-11
2016-7-19,0,0,84,68,84,8.5,21.2,99,99,99,999,1019,29.2,159,999,99,99,2016,Tuesday,52,39,N,38082,-13
2016-7-20,0,0,84,65,91,7.5,26.5,99,99,99,999,2815,29,29.5,999,99,99,2016,Wednesday,53,39,N,38201,-14
2016-7-21,0,0,91,67,93,4.6,75.6,99,99,99,999,3263,27.6,514.3,999,99,99,2016,Thursday,54,39,N,37566,-15
2016-7-22,0,0,98,73,117,4.4,40.3,99,99,99,999,4386,149.8,514.3,999,99,99,2016,Friday,54,40,N,37001,-14
2016-7-23,0,0,94,72,262,19.9,37.9,99,99,99,999,3467,293.3,294.1,999,99,99,2016,Saturday,54,41,N,37600,-13
2016-7-24,0,0,91,68,92,0.8,25.8,99,99,99,999,1017,271.1,271.8,999,99,99,2016,Sunday,55,41,D,36806,-14
2016-7-25,0,0,92,67,116,36.2,99,99,99,99,999,9999,675.7,999,999,99,99,2016,Monday,55,42,N,37479,-13
2016-7-26,0,0,94,76,100,6.8,22.7,99,99,99,999,2515,29.3,191,999,99,99,2016,Tuesday,55,43,N,38378,-12
2016-7-27,0,0,87,73,77,4.4,5.3,99,99,99,999,1017,28.2,272.1,999,99,99,2016,Wednesday,55,44,D,37842,-11
2016-8-9,0,0,84,70,176,4.8,5.3,99,99,99,999,1017,29,29.4,999,99,99,2016,Tuesday,61,50,N,38089,-11
2016-8-10,0.23,0,80,68,74,3.8,51.6,99,99,99,999,1019,30,514.6,999,99,99,2016,Wednesday,61,51,N,37779,-10
2016-8-11,0,0,96,75,87,5.4,6,99,99,99,999,1017,28.3,29.8,999,99,99,2016,Thursday,61,52,N,38161,-9
2016-8-12,0.01,0,98,78,134,5.5,52,99,99,99,999,5507,29.3,514.5,999,99,99,2016,Friday,62,52,N,37555,-10
2016-8-13,0.34,0,82,68,119,7.7,39.2,99,99,99,999,4011,352.5,352.9,999,99,99,2016,Saturday,63,52,N,37653,-11
2016-8-14,0.18,0,96,69,404,39.8,40.7,99,99,99,999,4012,28.6,352.7,999,99,99,2016,Sunday,64,52,D,36842,-12
2016-8-26,0,0,91,73,329,22.9,41.1,99,99,99,999,4608,27.3,417.8,999,99,99,2016,Friday,71,57,N,38134,-14
2016-8-27,0,0,83,69,116,6.7,7.4,99,99,99,999,1013,26.7,30.1,999,99,99,2016,Saturday,72,57,N,37933,-15
2016-8-28,0,0,78,66,118,55.1,99,99,99,99,999,9999,513.6,999,999,99,99,2016,Sunday,72,58,N,37337,-14
2016-8-29,0,0,90,69,133,7.7,76.1,99,99,99,999,3259,512.7,272,999,99,99,2016,Monday,73,58,N,36948,-15
2016-8-30,0,0,77,64,256,27.3,28,99,99,99,999,2811,222.5,223.4,999,99,99,2016,Tuesday,73,59,N,37083,-14
2016-8-31,0,0,82,68,161,9,29.6,99,99,99,999,2512,136.1,298.7,999,99,99,2016,Wednesday,74,59,D,36786,-15
2016-9-12,0,0,72,59,93,34.8,66.4,99,99,99,999,7004,675.3,675.6,999,99,99,2016,Monday,81,62,N,37551,-19
2016-9-13,0,0,83,60,150,5.3,5.8,99,99,99,999,1016,28.5,29.1,999,99,99,2016,Tuesday,81,63,N,38041,-18
2016-9-17,0,0,78,55,37,0.4,99,99,99,99,999,9999,513.7,999,999,99,99,2016,Saturday,84,64,D,37267,-20
2016-9-30,0.13,0,62,56,231,16.9,24.9,99,99,99,999,3781,178.1,253.4,999,99,99,2016,Friday,93,67,N,37661,-26
2016-10-1,0.71,0,59,54,73,5.8,34,99,99,99,999,1707,177,253.3,999,99,99,2016,Saturday,93,68,N,37396,-25
2016-10-2,0.03,0,57,53,77,6.8,41.9,99,99,99,999,3261,150,271.8,999,99,99,2016,Sunday,93,69,D,36787,-24
2017-4-3,0,0,55,38,192,12.4,13.3,99,99,99,999,1016,25.8,26.1,999,99,99,2017,Monday,1,0,D,36594,-1
2017-4-5,0,0,41,37,166,15.9,43.8,99,99,99,999,3711,123.2,318,999,99,99,2017,Wednesday,2,0,N,36137,-2
2017-4-11,0,0,84,52,86,9.9,11,99,99,99,999,1020,24,25.3,999,99,99,2017,Tuesday,4,3,N,37497,-1
2017-4-12,0.02,0,60,48,78,8.7,13.8,99,99,99,999,1427,68.6,69.7,999,99,99,2017,Wednesday,4,4,N,32211,0
2017-4-13,0,0,59,45,87,8.7,13.6,99,99,99,999,1409,24.1,67.9,999,99,99,2017,Thursday,5,4,D,32400,-1
2017-4-14,0,0,60,44,72,8.7,13.6,99,99,99,999,1410,24,67.7,999,99,99,2017,Friday,5,5,N,36813,0
2017-4-15,0,0,70,42,91,11.6,24.8,99,99,99,999,1428,24.2,113.8,999,99,99,2017,Saturday,6,5,D,36686,-1
2017-4-16,0,0,86,57,107,9.4,10.4,99,99,99,999,1021,24.2,25.5,999,99,99,2017,Sunday,7,5,D,36209,-2
2017-4-17,0,0,75,49,99,8,16.4,99,99,99,999,1767,24.4,106.7,999,99,99,2017,Monday,8,5,D,37318,-3
2017-4-26,0.56,0,56,45,142,2.3,2.8,99,99,99,999,1012,24.7,25.3,999,99,99,2017,Wednesday,11,9,N,32072,-2
2017-4-27,0,0,59,50,156,4.5,9.3,99,99,99,999,1422,26.1,70,999,99,99,2017,Thursday,11,10,N,34054,-1
2017-4-28,0.01,0,82,51,117,6.1,6.8,99,99,99,999,1017,26.3,26.1,999,99,99,2017,Friday,12,10,N,37054,-2
2017-4-29,0,0,84,59,118,8.5,9.4,99,99,99,999,1019,26.2,26.2,999,99,99,2017,Saturday,12,11,D,36776,-1
2017-4-30,0.01,0,64,45,121,9.2,10.2,99,99,99,999,1018,26,26.4,999,99,99,2017,Sunday,13,11,N,36916,-2
2017-5-1,0,0,48,45,123,8.5,9.5,99,99,99,999,1018,26.1,26.2,999,99,99,2017,Monday,13,12,N,33489,-1
2017-5-2,0.19,0,66,44,152,5.5,12.2,99,99,99,999,1017,26.3,91.1,999,99,99,2017,Tuesday,14,12,N,32932,-2
2017-5-3,0,0,64,49,96,3.4,4,99,99,99,999,1016,26,26.6,999,99,99,2017,Wednesday,15,12,N,33162,-3
2017-5-4,0,0,56,46,135,4.2,4.8,99,99,99,999,1013,26.1,26.8,999,99,99,2017,Thursday,15,13,N,36563,-2
2017-5-12,0.01,0,53,47,196,2,2.7,99,99,99,999,1015,25.6,26.6,999,99,99,2017,Friday,18,17,N,36496,-1
2017-5-13,0.02,0,53,45,195,6,15.3,99,99,99,999,1441,72.5,119.2,999,99,99,2017,Saturday,19,17,D,35447,-2
2017-5-14,0.95,0,51,46,256,5.5,6.4,99,99,99,999,1012,26.4,26.5,999,99,99,2017,Sunday,19,18,D,35080,-1
2017-5-23,0,0,68,53,169,5.8,6.3,99,99,99,999,1015,26.8,67.9,999,99,99,2017,Tuesday,23,21,N,34769,-2
2017-5-24,0,0,64,54,182,8.2,16,99,99,99,999,1704,27.4,102.3,999,99,99,2017,Wednesday,24,21,N,36089,-3
2017-5-25,0.63,0,55,50,242,7.4,12.2,99,99,99,999,1012,27.3,69.5,999,99,99,2017,Thursday,25,21,N,33484,-4
2017-5-26,0.55,0,60,49,184,1.6,1.8,99,99,99,999,1016,28.2,27.4,999,99,99,2017,Friday,26,21,N,35080,-5
2017-5-27,0,0,61,53,199,1.9,6.5,99,99,99,999,1018,28.1,68.5,999,99,99,2017,Saturday,27,21,D,36985,-6
2017-5-28,0,0,67,54,259,2.4,2.8,99,99,99,999,1017,28.4,28.2,999,99,99,2017,Sunday,27,22,D,37174,-5
2017-6-9,0,0,79,55,253,5.4,6.1,99,99,99,999,1013,27.1,27.6,999,99,99,2017,Friday,33,27,N,36853,-6
2017-6-10,0,0,85,61,128,2.8,3.3,99,99,99,999,1017,27.6,28.2,999,99,99,2017,Saturday,34,27,N,37162,-7
2017-6-11,0,0,92,66,90,5.9,6.7,99,99,99,999,1019,28.1,28.1,999,99,99,2017,Sunday,34,28,N,35457,-6
2017-6-12,0,0,95,71,83,4.9,10.1,99,99,99,999,1446,27.8,74.6,999,99,99,2017,Monday,35,28,N,36757,-7
2017-6-13,0.53,0,95,72,105,5.2,5.9,99,99,99,999,1017,27.8,28.3,999,99,99,2017,Tuesday,36,28,N,37141,-8
2017-6-23,0,0,90,65,105,6.4,7.1,99,99,99,999,1017,28.1,28.5,999,99,99,2017,Friday,41,32,N,37034,-9
2017-6-24,0.08,0,88,71,117,5.9,6.6,99,99,99,999,1017,28.3,28.4,999,99,99,2017,Saturday,41,33,N,36868,-8
2017-6-25,0,0,85,65,113,5.3,10.7,99,99,99,999,1492,28.3,79.7,999,99,99,2017,Sunday,41,34,D,36474,-7
2017-6-26,0,0,80,62,112,4.4,5,99,99,99,999,1018,28.3,28.7,999,99,99,2017,Monday,42,34,N,37172,-8
2017-6-27,0.08,0,77,58,128,2.5,2.8,99,99,99,999,1016,28.4,28.8,999,99,99,2017,Tuesday,43,34,N,36804,-9
2017-6-28,0,0,79,58,111,1.5,1.9,99,99,99,999,1017,28.5,28.9,999,99,99,2017,Wednesday,43,35,N,37487,-8
2017-6-29,0,0,79,63,134,1.9,7.2,99,99,99,999,1018,28.7,80.1,999,99,99,2017,Thursday,44,35,N,37445,-9
2017-7-14,0,0,67,60,109,6.2,6.9,99,99,99,999,1018,28.7,29.1,999,99,99,2017,Friday,51,39,N,37570,-12
2017-7-15,0,0,73,62,84,4.7,5.2,99,99,99,999,1017,28.9,29.5,999,99,99,2017,Saturday,51,40,D,36936,-11
2017-7-16,0,0,81,69,113,2.6,3.1,99,99,99,999,1015,28.4,29.9,999,99,99,2017,Sunday,51,41,D,37343,-10
2017-7-16,0,0,81,69,113,2.6,3.1,99,99,99,999,1015,28.4,29.9,999,99,99,2017,Sunday,52,41,N,36719,-11
2017-7-17,0,0,83,68,185,5,5.6,99,99,99,999,1016,28.5,29.9,999,99,99,2017,Monday,52,42,N,36144,-10
2017-7-18,0.12,0,82,68,143,2.1,2.7,99,99,99,999,1018,28.7,30,999,99,99,2017,Tuesday,53,42,N,36488,-11
2017-7-19,0,0,93,72,116,2.6,3.3,99,99,99,999,1019,29.4,30.4,999,99,99,2017,Wednesday,54,42,N,37360,-12
2017-7-20,0,0,92,71,135,1.8,2.4,99,99,99,999,1019,29.5,30.4,999,99,99,2017,Thursday,54,43,D,37094,-11
2017-7-28,0,0,82,66,198,10.3,19,99,99,99,999,2512,110.2,192,999,99,99,2017,Friday,56,48,N,37321,-8
2017-7-29,0,0,71,60,239,3.3,22.8,99,99,99,999,2811,77.9,224.4,999,99,99,2017,Saturday,57,48,N,36912,-9
2017-7-30,0,0,73,60,233,6,36.6,99,99,99,999,4009,352.7,353.7,999,99,99,2017,Sunday,57,49,D,36480,-8
2017-7-31,0,0,80,61,254,8.3,28.8,99,99,99,999,2014,135.2,137.8,999,99,99,2017,Monday,58,49,N,37169,-9
2017-8-1,0,0,80,67,211,6.1,6.7,99,99,99,999,1017,28.6,29.7,999,99,99,2017,Tuesday,59,49,N,37126,-10
2017-8-3,0,0,84,66,118,5.1,5.7,99,99,99,999,1020,29.9,30.5,999,99,99,2017,Thursday,60,49,N,37442,-11
2017-8-4,0,0,85,68,96,6.3,7.1,99,99,99,999,1019,29.7,30.4,999,99,99,2017,Friday,61,49,N,36612,-12
2017-8-5,0.16,0,77,67,124,5.9,6.4,99,99,99,999,1019,29.7,30.4,999,99,99,2017,Saturday,62,49,N,36599,-13
2017-8-6,0,0,79,63,106,6.8,7.5,99,99,99,999,1017,29.5,30.5,999,99,99,2017,Sunday,63,49,D,37283,-14
2017-8-14,0,0,78,63,182,2.3,2.8,99,99,99,999,1016,29.6,30.4,999,99,99,2017,Monday,67,51,N,37430,-16
2017-8-15,0,0,80,66,155,2,2.4,99,99,99,999,1016,29.8,30.5,999,99,99,2017,Tuesday,68,51,N,37345,-17
2017-8-16,0,0,85,66,105,2.7,8.6,99,99,99,999,1517,29.9,84.4,999,99,99,2017,Wednesday,69,51,N,37181,-18
2017-8-18,0.24,0,81,65,165,10.7,24.8,99,99,99,999,2941,99,238,999,99,99,2017,Friday,70,51,N,36784,-19
2017-8-19,0.01,0,74,65,76,4.8,5.4,99,99,99,999,1015,29.6,30.4,999,99,99,2017,Saturday,70,52,N,37274,-18
2017-8-20,0,0,85,72,109,6.4,59.7,99,99,99,999,3582,306.2,584,999,99,99,2017,Sunday,71,52,D,36911,-19
2017-8-25,0,0,76,63,236,20.2,51.2,99,99,99,999,4009,352.1,353,999,99,99,2017,Friday,73,55,N,37191,-18
2017-8-26,0,0,74,60,238,9.6,21.4,99,99,99,999,1544,85.8,200.9,999,99,99,2017,Saturday,73,56,D,36655,-17
2017-8-27,0,0,71,58,255,9.4,10.4,99,99,99,999,1014,28.5,29.8,999,99,99,2017,Sunday,73,57,D,36625,-16
2017-9-4,0,0,81,58,150,13.3,39.6,99,99,99,999,3467,29.2,470.7,999,99,99,2017,Monday,77,61,N,34311,-16
2017-9-5,0,0,88,65,73,3.8,41.6,99,99,99,999,2811,29.5,417.8,999,99,99,2017,Tuesday,78,61,N,33009,-17
2017-9-6,0.22,0,79,62,132,3.4,25.9,99,99,99,999,2396,29.3,253.8,999,99,99,2017,Wednesday,79,61,N,33190,-18
2017-9-8,0,0,74,59,55,10.8,40.1,99,99,99,999,1010,29.8,191.8,999,99,99,2017,Friday,80,61,N,34781,-19
2017-9-9,0.01,0,68,55,180,28.4,60,99,99,99,999,3252,149.5,393.3,999,99,99,2017,Saturday,81,61,N,36734,-20
2017-9-10,0,0,69,56,141,27.2,46,99,99,99,999,2792,90.9,223,999,99,99,2017,Sunday,81,62,D,35859,-19
2017-9-12,0,0,86,61,291,1.7,2.3,99,99,99,999,1011,28.2,28.6,999,99,99,2017,Tuesday,82,62,N,34355,-20
2017-9-13,0.03,0,78,64,111,1.3,1.6,99,99,99,999,1014,28.5,28.6,999,99,99,2017,Wednesday,82,63,N,36366,-19
2017-9-14,0.33,0,84,67,71,1.8,6.4,99,99,99,999,1015,28.5,28.9,999,99,99,2017,Thursday,83,63,D,35470,-20
2017-9-25,0,0,78,64,144,1.8,10,99,99,99,999,1012,29,104.2,999,99,99,2017,Monday,91,65,N,33940,-26
2017-9-26,0,0,80,63,179,3.1,8.6,99,99,99,999,1462,76.3,78.1,999,99,99,2017,Tuesday,91,66,N,33999,-25
2017-9-27,0,0,86,65,214,2.1,2.5,99,99,99,999,1012,28.1,29.6,999,99,99,2017,Wednesday,92,66,N,34445,-26
2017-9-28,0,0,78,57,121,3.8,16.6,99,99,99,999,3259,149.3,150.7,999,99,99,2017,Thursday,92,67,N,34222,-25
2017-9-29,0,0,68,52,213,3.9,4.6,99,99,99,999,1013,27.4,29.5,999,99,99,2017,Friday,92,68,N,36623,-24
2017-9-30,1.55,0,59,50,88,2.5,3.1,99,99,99,999,1014,27.9,29.5,999,99,99,2017,Saturday,93,68,D,35722,-25
2017-10-1,0,0,66,47,86,5.4,18.9,99,99,99,999,1830,72.7,161.8,999,99,99,2017,Sunday,93,69,D,34517,-24
